Year;Country;value
1986;Northern Mariana Islands;-
1998;Northern Mariana Islands;-
2002;Northern Mariana Islands;-
2008;Northern Mariana Islands;-
1989;Northern Mariana Islands;-
2006;Northern Mariana Islands;-
1980;Nigeria;0.371272
1991;Nigeria;0.094805
2001;Niger;0.184374
2005;Philippines;19.664799
2006;Philippines;19.764398
2013;Philippines;37.263395
1997;Philippines;10.23286
1994;Philippines;5.793094
2008;Philippines;24.02036
2009;Philippines;23.68
1986;Poland;322.689354
1985;Poland;310.784847
1984;Poland;296.018689
1995;Pakistan;8.336237
1996;Pakistan;7.793395
2001;Pakistan;7.824505
1994;Pakistan;7.32848
2014;Panama;0.902448
1991;Panama;0.094513
1998;Panama;0.091164
1999;Panama;0.091935
2011;Panama;0.56451
1982;Peru;0.311574
2012;Lithuania;0.67235
2014;Lithuania;0.67235
2014;Latvia;0.278772
2010;Latvia;0.515544
2014;Laos;0.462115
2010;Laos;0.369664
2012;Laos;0.369692
2004;Laos;0.37004
2007;Korea, South;198.972928
2014;Korea, South;276.036902
1987;Korea, South;96.195232
1992;Korea, South;84.960096
1995;Kyrgyzstan;1.112676
2004;Kyrgyzstan;1.955688
1998;Kyrgyzstan;1.774923
2012;Kyrgyzstan;3.75888
1995;Slovakia;22.833465
2011;Kosovo;5.600248
2013;Madagascar;1.024738
2007;Luxembourg;0.27612
2005;Macedonia;5.311075
1999;Macedonia;5.398344
2002;Macedonia;5.240808
2009;Macedonia;5.417995
1992;Macedonia;5.11784
1980;Malawi;0.184582
1998;Puerto Rico;0.368704
2002;Puerto Rico;1.013408
1983;Puerto Rico;0.369556
2006;Puerto Rico;3.591159
2004;Puerto Rico;3.039102
1986;Puerto Rico;0.55365
2013;Portugal;8.514336
2007;Portugal;9.045972
2008;Portugal;7.98183
1985;Romania;37.427748
2011;Romania;30.407937
2010;Russia;384.193698
1997;Russia;401.383872
2008;Russia;412.691496
2003;Romania;26.407836
2001;Romania;24.235092
2007;Russia;381.137484
2010;Senegal;0.645085
2008;Romania;28.39434
1989;Romania;47.141
1994;Portugal;10.398034
1995;Portugal;11.978772
2003;Portugal;10.652048
1986;Portugal;4.434768
2014;Portugal;8.691718
2010;Portugal;5.143904
1990;Portugal;8.741615
1985;Portugal;2.156112
1991;Poland;266.141596
1994;Poland;247.71672
2011;Philippines;27.935302
1987;Philippines;4.019683
1985;Philippines;4.751925
2014;Philippines;40.86953
1980;Philippines;0.62484
1981;Philippines;0.59478
1989;Philippines;4.23486
1991;Peru;0.696038
2013;Peru;2.958144
2011;Peru;2.89974
1983;Luxembourg;0.443236
1981;Luxembourg;0.777924
2011;Luxembourg;0.184532
1991;Luxembourg;0.444128
2009;Luxembourg;0.184324
2002;Kyrgyzstan;1.768216
2011;Kyrgyzstan;2.621388
2010;Kyrgyzstan;2.425644
2003;Kyrgyzstan;2.139023
2009;Kyrgyzstan;2.528037
1996;Kyrgyzstan;1.68291
1991;Hong Kong;24.37812
1984;Hong Kong;8.680155
1998;Greece;27.601965
2014;Kosovo;4.731685
2001;Hong Kong;16.301877
1997;Hong Kong;10.993092
2003;Guatemala;0.973314
2004;Hong Kong;21.734184
2007;Hong Kong;24.957203
2007;Georgia;0.091843
1988;France;63.348115
1992;France;64.517376
2007;France;44.808438
2008;Germany;284.955
2000;Bosnia and Herzegovina;10.99465
2009;Australia;187.50834
1983;Australia;93.258975
2005;Argentina;2.799522
1988;Argentina;3.357376
2012;Argentina;3.320713
1983;Argentina;2.672118
1991;Argentina;2.442832
1999;Argentina;2.52132
2009;Argentina;2.51244
2004;Czech Republic;73.635264
2008;Czech Republic;68.648472
1999;Czech Republic;65.9652
2005;Denmark;11.760126
1999;Denmark;14.128125
1998;Estonia;0.212454
2005;Estonia;0.087235
2009;Estonia;0.171682
1986;Egypt;2.805345
1984;Egypt;2.71146
1995;Germany;324.384463
2009;Germany;269.678076
2013;Germany;296.03714
2010;Germany;276.21902
2008;Estonia;0.264111
1992;Georgia;0.828945
2012;Egypt;1.968936
2003;Egypt;3.728622
2005;Egypt;3.728622
2008;Egypt;3.07971
1988;Mauritius;0.090454
1992;Mauritius;0.184742
1983;Nepal;0.185194
2005;Nepal;0.644924
1980;Nepal;0.092206
2010;Bosnia and Herzegovina;11.44725
1983;Netherlands;16.937305
2005;Morocco;10.682556
2001;Morocco;11.04744
2009;Namibia;0.091802
2000;Morocco;8.668868
2013;Morocco;9.758254
2013;Kosovo;5.40764
1984;Nepal;0.184488
2008;Kosovo;4.8318
2007;Bosnia and Herzegovina;7.777585
1998;Dominican Republic;0.276549
2008;Dominican Republic;1.554922
2004;Dominican Republic;0.92104
1987;Canada;81.639168
1985;Canada;77.904353
1981;Canada;62.162318
2011;Canada;75.694448
1997;Canada;91.718041
1993;Canada;80.53242
1997;Mauritius;0.057452
2004;Mauritius;0.740635
1983;Malaysia;0.839124
1987;Malaysia;1.024562
1990;Malaysia;4.276712
1992;Malaysia;5.306928
1985;Malaysia;1.20939
2006;Malawi;0.092358
2008;Malawi;0.091833
1991;Malta;0.552708
1991;Mexico;13.065052
1993;Mexico;15.326685
2012;Mexico;34.525062
2003;Mexico;32.668623
1999;Mexico;24.233558
1988;Mexico;10.64256
2010;Mexico;34.37941
1992;Luxembourg;0.660588
1995;Luxembourg;0.533555
2004;Luxembourg;0.277263
1999;Luxembourg;0.276336
1997;Luxembourg;0.41468
1996;Luxembourg;0.52777
1996;Macedonia;5.110074
1986;Mexico;11.4735
2003;Burma (Myanmar);1.65942
1995;Bangladesh;1.013111
2001;Australia;171.061956
1986;Canada;72.608575
1984;Canada;79.497014
1995;Canada;84.933457
1996;Canada;86.333289
1989;Canada;87.806604
1982;Canada;67.266402
1998;Canada;95.40272
1993;Australia;132.526736
1992;Australia;135.310635
1989;Australia;126.972294
2006;Bangladesh;1.47384
2000;Austria;12.138256
2004;Austria;14.253834
2005;Austria;14.18746
2001;Austria;13.43127
2013;Albania;0.193108
2004;Albania;0.096807
1985;Luxembourg;0.446312
2004;Lithuania;0.561684
2008;Lithuania;0.672042
1995;Lithuania;0.51312
1998;Lithuania;0.4925
2011;Latvia;0.512732
2002;Malawi;0.184552
2001;Malawi;0.091992
1999;Malawi;0.091929
1999;Latvia;0.277809
2006;Algeria;1.653284
2007;Algeria;1.254968
1995;Algeria;1.153692
2012;China;7531.529324
2014;China;7529.661084
2009;Algeria;0.284859
1982;Albania;4.065392
1987;Algeria;3.600324
1996;Albania;0.29103
1980;Algeria;0.19084
2003;Malaysia;16.944744
1987;Mauritius;0.075594
2013;Mongolia;9.165022
1987;Morocco;3.83496
2009;Morocco;8.83728
1996;South Africa;301.741143
2005;South Africa;343.913824
1994;South Africa;272.601028
1989;South Africa;261.153524
2014;South Africa;366.61248
1992;South Africa;260.74089
2013;South Africa;370.944
2005;Slovenia;5.037491
2007;Slovenia;5.138694
1983;Spain;91.261365
1983;Swaziland;0.192996
1994;Swaziland;0.383644
1996;Swaziland;0.287535
2006;Swaziland;0.368496
2005;Swaziland;0.276675
2014;Sri Lanka;3.596307
1981;Swaziland;0.38576
1991;Spain;90.909056
1992;Spain;89.990192
2013;Spain;37.705944
1995;Switzerland;0.505374
2000;Switzerland;0.520404
2007;Switzerland;0.450234
1985;Switzerland;1.018612
2009;Switzerland;0.363275
2013;Switzerland;0.34755
2012;Taiwan;133.081029
2001;Taiwan;103.949404
2005;Taiwan;126.876528
2013;Sweden;7.06348
2014;Tajikistan;0.831087
2008;Tajikistan;0.276864
1992;Tajikistan;0.92461
1996;Thailand;40.397769
1985;Thailand;8.656284
1980;Thailand;2.496884
2007;Taiwan;137.355792
2013;Tanzania;0.18417
2014;Tanzania;0.18417
2008;Taiwan;134.13972
2012;Macedonia;5.407419
1995;Macedonia;5.20773
2003;Macedonia;5.41212
2007;Morocco;10.863316
1997;Macedonia;4.8212
1993;Namibia;0.184404
2007;Namibia;0.184058
1991;Morocco;4.369172
1992;Morocco;3.725007
1994;Morocco;4.172124
2008;Swaziland;0.36798
1980;Sweden;5.414202
2011;Sweden;7.544784
1990;Sweden;9.244719
1999;Sweden;7.732098
2012;Burma (Myanmar);1.566669
1984;Burma (Myanmar);0.569772
1983;Burma (Myanmar);0.471745
1987;Afghanistan;0.276927
1988;Afghanistan;0.276654
1980;Afghanistan;0.18436
1984;Afghanistan;0.27687
2009;Afghanistan;0.92105
1990;Bulgaria;34.411311
1996;Bulgaria;31.646248
2008;Bulgaria;30.319355
1993;Austria;11.340035
1987;China;1664.270832
1992;Austria;13.31837
1995;Austria;12.02391
1989;Austria;14.29384
2012;Austria;8.388936
2013;Austria;8.388936
2009;Austria;7.795026
1998;Austria;11.4829
2007;Chile;10.911348
1995;Dominican Republic;0.18391
2003;Dominican Republic;0.73672
2008;Burma (Myanmar);1.291934
2011;Czech Republic;65.44122
2002;Burma (Myanmar);0.9222
1992;Bangladesh;0.276039
1993;Colombia;13.644973
1987;Colombia;11.287341
2012;Colombia;12.437354
1985;Former Czechoslovakia;154.196502
1982;Former Czechoslovakia;154.682638
1991;Former Czechoslovakia;123.603896
1992;Former Czechoslovakia;109.60326
1983;Former Czechoslovakia;156.5624
1987;Former Yugoslavia;142.244598
1985;Former Yugoslavia;140.435498
1988;Former U.S.S.R.;1350.995088
1989;Former U.S.S.R.;1278.411982
2007;Finland;15.183627
1988;Korea, North;65.422196
1991;Korea, North;63.342786
1986;Korea, North;54.440141
2013;Kazakhstan;147.150152
1981;India;184.55624
1990;India;335.12388
1984;Kenya;0.184928
1990;Kenya;0.276786
1993;Kenya;0.276789
1995;Kenya;0.276537
2011;Indonesia;127.825084
1987;Indonesia;10.821213
1991;Indonesia;19.193616
2008;Indonesia;110.5116
1993;Indonesia;20.10178
1986;Indonesia;8.9725
1980;Italy;39.91873
2014;Italy;43.88112
2012;Iran;1.754622
1985;Iran;2.906048
1996;Jamaica;0.092229
1998;Jamaica;0.183704
2009;Jamaica;0.094939
1986;Japan;220.496862
1981;Italy;42.476616
1994;Italy;36.782928
2001;Italy;42.878524
2008;Italy;54.680522
2004;Kenya;0.368704
2007;Kenya;0.368448
2011;India;1122.480878
2013;India;1245.170808
1996;Iceland;0.196944
2000;Iceland;0.196846
2001;Iceland;0.196302
2006;Iceland;0.289542
2003;India;621.855036
1987;India;276.820424
2009;India;979.953028
1980;India;163.77246
2000;Kazakhstan;79.95456
2001;Japan;325.663533
1984;Japan;219.119716
1996;Japan;283.232439
1992;Switzerland;0.372204
2008;Switzerland;0.371425
1981;Switzerland;1.771471
1988;Switzerland;0.91249
1993;Switzerland;0.29038
2002;Switzerland;0.29778
2008;Ukraine;146.59792
1997;Ukraine;132.63615
2008;U.S. Territories;-
2007;U.S. Territories;-
1982;World;6842.605974
1987;World;8021.540411
1988;World;8279.022865
1994;World;7815.554966
1997;World;8088.474519
2000;World;8588.192267
1986;Afghanistan;0.276942
1981;Afghanistan;0.277059
2008;Afghanistan;0.644749
2010;Afghanistan;1.38117
2007;Afghanistan;0.46021
1985;Albania;5.066442
1998;Australia;167.818981
1988;Australia;116.55252
1991;Australia;131.6526
1982;Argentina;2.860618
2006;Austria;12.580978
1980;Austria;15.665886
1990;Austria;15.01675
1984;Austria;19.47158
1983;Albania;4.440701
2011;Austria;9.220663
2010;Argentina;3.054356
1994;Argentina;3.343875
2013;Argentina;3.500211
2008;Argentina;3.060782
1980;Argentina;2.944224
1993;Argentina;2.319824
1992;Argentina;2.556876
2007;Austria;10.29457
2004;Algeria;1.566362
2009;Albania;0.385756
1992;Botswana;1.65762
1988;Brazil;34.717125
1996;Brazil;37.892107
2000;Brazil;43.735188
2006;Brazil;43.316145
1987;Brazil;35.68824
1995;Brazil;36.83296
2001;Brazil;42.96768
2008;Bosnia and Herzegovina;8.890632
1993;Bosnia and Herzegovina;2.029209
1986;Bulgaria;38.247795
2011;Bulgaria;41.675095
1992;Bulgaria;30.699972
1991;Bulgaria;30.129336
1982;Bulgaria;35.502672
1997;Bulgaria;31.38663
1989;Bulgaria;36.64557
2005;Algeria;1.548512
1988;Bangladesh;0.184506
2005;Bangladesh;1.473632
2007;Bangladesh;1.934037
2010;Bangladesh;2.486619
2008;Bangladesh;2.025694
2002;Australia;173.896272
1995;Australia;136.525468
1994;Australia;133.480508
2009;Bangladesh;2.394054
1991;Austria;16.4385
2012;Botswana;1.289554
1984;Botswana;0.738536
1985;Botswana;0.830709
2014;Botswana;2.026442
1999;Botswana;1.933743
2007;Botswana;1.65771
1994;Belgium;34.106936
2002;Belgium;23.420628
2000;Belgium;26.43948
2008;Bhutan;0.092505
1988;Burma (Myanmar);0.195184
2010;Burma (Myanmar);1.382415
2013;Burma (Myanmar);1.198041
1981;Burma (Myanmar);0.58065
2000;Burma (Myanmar);1.10862
2004;Bulgaria;27.823866
1986;Bangladesh;0.184812
1992;Belgium;33.797157
2013;Belarus;1.143259
2006;Belarus;0.263706
2005;Belarus;0.350892
1994;Belarus;1.940193
1998;Algeria;1.36227
1987;Albania;5.24524
2006;Bulgaria;27.47812
2002;Albania;0.096807
2006;Albania;0.097173
2014;Albania;0.289662
1999;Algeria;1.403415
1982;Algeria;3.095598
1988;Algeria;3.600402
1992;Canada;85.295652
1991;Albania;2.639476
1991;Algeria;2.441178
1986;China;1574.509146
1984;China;1466.814839
1984;Belgium;40.23639
1988;Belgium;35.45544
1995;Belgium;35.53816
1999;Chile;11.397549
1986;Chile;3.605589
1985;Chile;3.508578
1991;Chile;5.748309
2005;Dominican Republic;1.013441
2011;Estonia;0.173896
2010;Estonia;0.087771
2007;Lithuania;0.766584
2014;Malaysia;52.861382
2010;Malaysia;47.151616
2012;Malaysia;50.65115
1989;Malaysia;3.821528
1999;Malaysia;6.169896
2014;Malawi;0.184682
2005;Malawi;0.091908
2004;Indonesia;74.59533
2013;Iran;1.657143
2014;Iran;1.754622
2005;Iran;4.176348
1993;Iran;3.256488
1997;Iran;3.359859
1998;Iran;3.896789
1984;Iran;2.902976
1999;Iran;3.441999
1995;Iran;3.08805
2010;Switzerland;0.353475
1982;Switzerland;1.006621
1990;Switzerland;1.033208
1983;Switzerland;0.75246
1987;Switzerland;1.13886
1989;Switzerland;0.69732
1984;Sweden;8.968038
2008;Sweden;8.406114
1992;Sweden;8.32428
1993;Tajikistan;0.463355
2013;Taiwan;132.716673
2003;Taiwan;113.618295
2009;Taiwan;123.591875
1990;Taiwan;35.887208
1995;Taiwan;54.032504
2000;Taiwan;95.431999
1984;Taiwan;21.939244
1987;Korea, North;52.689952
1982;Korea, North;65.085228
2004;Kazakhstan;104.846972
2007;Kazakhstan;121.513464
2003;Kazakhstan;95.684976
1987;Kenya;0.186732
2010;Kenya;0.552324
2003;Kenya;0.276531
1991;Kenya;0.276945
2000;Kenya;0.1843
2006;Namibia;0.091793
2008;Namibia;0.184468
1986;Morocco;3.275254
2012;Morocco;9.942372
1984;Morocco;2.247836
1980;Morocco;1.47639
1981;Nepal;0.092613
1991;Nepal;0.184516
1994;Nepal;0.184326
1997;Nepal;0.184446
1998;Israel;18.995346
1999;Israel;19.090204
1987;Ireland;6.926775
1990;Ireland;7.108332
1995;Ireland;5.808348
2014;Ireland;4.297351
1997;Israel;17.36114
1993;India;415.433376
2012;Montenegro;1.670704
2013;Montenegro;1.551368
1989;Mongolia;10.691156
2010;Mongolia;9.883652
1995;Mongolia;7.635303
2008;Mongolia;8.620834
2007;Mongolia;8.719765
2005;Mongolia;8.21304
1994;Mongolia;7.5584
1996;Mongolia;7.6896
1988;Indonesia;13.593972
1990;Indonesia;17.251311
1989;Indonesia;15.811515
1992;Indonesia;19.912824
2002;Indonesia;60.505758
2001;Indonesia;56.637195
1994;Indonesia;22.312642
1995;Indonesia;25.36985
1994;India;422.282203
1986;Mauritius;0.112098
1993;Mauritius;0.183764
1995;Mauritius;0.193168
2005;Malaysia;21.918134
2004;Malaysia;21.18139
1985;Mexico;10.147731
1989;Mexico;11.444828
2011;Mexico;36.456525
2014;Mexico;33.971184
1986;Malta;0.369512
1999;Kazakhstan;78.053495
1993;Kazakhstan;139.833
1983;Japan;195.316148
1980;Japan;181.679824
2011;Japan;360.767022
2008;Japan;368.658672
1991;Japan;247.519611
1982;Japan;199.441044
2010;Macedonia;4.803843
1993;Macedonia;4.855863
2000;Mongolia;7.802973
1990;Mongolia;9.961432
1997;Mongolia;7.504614
2002;Morocco;11.063604
2014;Morocco;14.177086
2003;Mongolia;7.90767
1983;Morocco;2.244547
2011;Malawi;0.092341
2001;Kyrgyzstan;1.128048
1998;Latvia;0.242211
2003;Latvia;0.225934
2000;Latvia;0.159202
2013;Latvia;0.418158
2008;Latvia;0.360744
2007;Latvia;0.361092
1994;Latvia;0.90972
2011;Lithuania;0.672588
1992;Lithuania;1.580208
2012;Mongolia;8.255516
2000;Moldova;0.378005
2013;Mexico;34.802001
2000;Mexico;24.457629
1995;Latvia;0.534726
1996;Moldova;2.03555
2005;Mexico;34.55319
2008;Mexico;27.80316
1986;Luxembourg;0.446056
1987;Luxembourg;0.443828
1982;Luxembourg;0.665154
1980;Luxembourg;0.891208
2014;Luxembourg;0.184252
2003;Lithuania;0.606066
2001;Lithuania;0.264942
2010;Morocco;9.105822
1989;Morocco;3.993318
1996;Morocco;6.92011
2006;Bosnia and Herzegovina;7.33192
1985;Burma (Myanmar);0.567072
1989;Burma (Myanmar);0.193292
1986;New Caledonia;0.369636
1984;New Caledonia;0.277314
2012;New Caledonia;1.012627
1995;New Caledonia;0.368808
2007;Netherlands;25.779074
1981;Netherlands;20.104524
2006;Netherlands;24.198372
1998;Netherlands;44.39479
2010;Netherlands;22.65201
2011;Mongolia;10.089252
1988;Mongolia;11.165042
2006;Lithuania;0.865836
2005;Lithuania;0.577362
2002;Lithuania;0.49222
1980;Mongolia;7.384728
2013;Kyrgyzstan;2.913132
2006;Kyrgyzstan;1.76643
2012;Latvia;0.418158
2009;Latvia;0.369672
1993;Latvia;1.10838
1992;Latvia;1.62519
2006;Laos;0.370048
2000;Laos;0.184842
2009;Laos;0.369628
2005;Burma (Myanmar);1.107264
2004;Burma (Myanmar);0.92385
2012;Bulgaria;37.929008
1994;Bulgaria;30.403026
2013;Bulgaria;32.879288
2005;Bulgaria;26.760108
1998;Bulgaria;30.50912
1988;Former Yugoslavia;145.334965
1980;Former Yugoslavia;83.613824
1980;Former U.S.S.R.;1235.833896
1991;Former U.S.S.R.;1106.941651
1981;Former U.S.S.R.;1231.48043
1982;Indonesia;0.373404
2001;Hungary;15.496524
1980;France;112.354158
2008;Iceland;0.289782
1984;France;89.460294
1981;Former Czechoslovakia;150.516824
1993;Czech Republic;92.313008
2014;Czech Republic;57.657856
1999;Croatia;0.660457
2001;Croatia;1.385216
2009;Croatia;1.514862
2002;Croatia;1.86912
2000;Croatia;1.55061
1991;Cyprus;0.079893
1983;Cuba;0.18829
1981;Hungary;28.195805
1983;Hungary;27.819891
1989;Hungary;22.723403
1991;Hungary;20.402844
1990;Hungary;20.986424
2009;Hungary;11.60833
1987;Hungary;26.15525
2010;Japan;373.302669
1997;Sweden;8.33658
1988;Sweden;9.91851
2014;Sweden;6.67644
2010;Sweden;8.02029
2009;Sweden;6.39903
1986;U.S. Territories;-
1982;U.S. Territories;-
2010;U.S. Territories;-
2002;Former Serbia and Montenegro;33.643944
2000;Former Serbia and Montenegro;32.847405
1995;Bosnia and Herzegovina;2.51277
1981;Former Yugoslavia;100.539027
1984;Bangladesh;0.092103
2000;Bangladesh;1.013287
2014;Bangladesh;1.749653
2012;Bangladesh;2.854697
2013;Bhutan;0.183224
1998;Bhutan;0.09224
2001;Honduras;0.276675
2012;Honduras;0.17823
2000;Honduras;0.27666
2004;Honduras;0.36852
1993;Jamaica;0.056978
1994;Israel;12.121743
1996;Israel;14.126112
2007;Guatemala;0.919
2005;Jamaica;0.09502
2013;Hawaiian Trade Zone;-
1997;Bosnia and Herzegovina;8.172171
1992;Bosnia and Herzegovina;2.319192
1996;Bosnia and Herzegovina;2.531034
2014;Slovakia;13.009086
1997;Slovakia;22.002075
2002;Slovakia;16.27276
2008;Serbia;41.909439
2012;Serbia;41.87469
2006;Serbia;39.53043
2007;Serbia;40.45835
2014;Russia;400.653192
1993;Russia;497.677965
2002;Russia;397.550784
2003;Russia;403.478475
2013;Russia;374.708952
2004;Senegal;0.276636
1992;Russia;575.60658
1996;Russia;429.89164
2011;Senegal;0.92146
2006;Senegal;0.3683
2005;Ireland;6.317088
2014;Israel;20.330694
2003;Ireland;5.933696
2006;Ireland;5.563627
2004;Ireland;6.074838
1983;India;208.92952
1989;Former Yugoslavia;147.06033
1986;Former U.S.S.R.;1320.147425
1985;Former U.S.S.R.;1281.415058
1990;Former U.S.S.R.;1392.196302
1987;Former U.S.S.R.;1326.706
1989;Hong Kong;17.839392
2010;Guatemala;1.010636
2011;Hong Kong;25.510038
2007;Honduras;0.089531
1991;France;72.168975
1984;Puerto Rico;0.276465
1997;Puerto Rico;0.368604
2001;Puerto Rico;0.368524
2005;Puerto Rico;3.131094
2008;Puerto Rico;3.591159
1991;Puerto Rico;0.4606
1990;Romania;32.111382
1980;Romania;28.004676
1981;Romania;29.330832
1997;Romania;26.294913
2009;Indonesia;116.405552
1996;Indonesia;28.018768
1999;Indonesia;47.244222
1980;Indonesia;0.37416
2014;India;1309.410144
1997;India;490.280544
2002;India;584.662904
2000;India;544.316618
1998;Philippines;11.044509
2004;Philippines;18.921295
2007;Philippines;20.057527
2002;Philippines;15.70919
2001;Philippines;16.07064
1999;Philippines;12.57048
1993;Philippines;5.60004
1990;Poland;266.608064
1983;Poland;276.29773
2011;Poland;203.40722
1994;Hong Kong;18.942624
2000;Hong Kong;13.999504
2010;Hong Kong;20.997432
1981;Japan;200.940533
2007;Israel;27.55753
2010;Italy;47.823643
1998;Italy;37.125485
1987;Italy;49.11835
2014;U.S. Territories;-
1987;U.S. Territories;-
2001;Bosnia and Herzegovina;10.809576
2007;Canada;103.496752
2004;Canada;95.725652
2012;Greece;27.735967
1993;Greece;24.867297
1990;Greece;23.67504
1992;Greece;25.41188
2011;Chile;18.223722
2009;Chile;12.597424
2005;Canada;97.0872
2004;Former Serbia and Montenegro;37.032438
1994;Former Serbia and Montenegro;29.875091
1996;Former Serbia and Montenegro;37.6551
2001;Finland;12.891426
2010;Finland;15.405351
2013;Finland;12.889961
2004;Finland;17.364074
1995;Finland;12.44625
1989;Finland;12.13303
2000;Estonia;0.21202
1994;Congo (Kinshasa);0.203252
2003;Congo (Kinshasa);0.304866
2001;Congo (Kinshasa);0.304656
1989;Congo (Kinshasa);0.401536
1982;Congo (Kinshasa);0.40056
2005;Colombia;9.815966
1996;Croatia;0.569718
2014;Croatia;1.903089
1997;Croatia;0.847377
1992;Croatia;1.755336
1985;China;1529.312778
1983;China;1336.783371
1980;China;1199.302248
2011;China;7112.889727
1995;China;2296.907972
1985;Algeria;2.678063
1983;Algeria;2.677889
2008;Albania;0.19325
1980;Albania;3.38832
1996;China;2362.84389
2003;Argentina;1.739766
2000;Argentina;2.257389
2014;Argentina;4.128454
1990;Argentina;2.661691
1994;Botswana;1.657656
1998;Botswana;1.934247
1996;Argentina;2.72295
1998;Argentina;2.50306
1982;Botswana;0.83079
1993;Botswana;1.65735
2001;Czech Republic;75.549054
2006;Czech Republic;81.668237
2013;Czech Republic;58.511344
1981;Denmark;20.312712
1986;Denmark;24.41625
2009;Pakistan;12.576642
1986;Pakistan;5.411893
1987;Pakistan;5.593761
1984;Pakistan;4.226296
1985;Pakistan;5.235735
1983;Pakistan;3.765276
2003;Poland;207.082604
2013;Poland;203.251609
2010;Poland;198.94786
2005;Poland;202.3697
2003;United Arab Emirates;0.276411
1996;United Kingdom;149.796408
1986;United Kingdom;237.127176
1983;United Kingdom;230.582968
1985;United States;1638.177984
1987;United States;1690.933192
1997;United States;2039.8484
1989;Thailand;14.562387
1987;South Africa;259.131174
1991;South Africa;264.080257
1983;South Africa;222.25086
1998;Slovenia;5.307792
2002;Slovenia;5.422695
2014;Slovenia;3.528875
2008;Slovenia;5.035424
1985;Spain;92.947788
2002;Spain;87.431133
2008;Spain;44.197955
2012;Ukraine;152.298516
2006;Ukraine;144.238254
2013;Ukraine;148.129761
2005;Ukraine;134.109027
2007;Ukraine;148.121058
2011;Ukraine;150.403374
1994;Turkey;89.549166
1991;Turkey;86.950648
2011;Thailand;58.65
2000;South Africa;315.818212
1993;South Africa;268.881552
1995;Swaziland;0.384228
2010;Swaziland;0.276159
2001;Zimbabwe;1.542835
2012;Sri Lanka;1.567621
1997;Estonia;0.353458
1993;Estonia;0.120204
2011;Egypt;2.107638
1996;Chile;8.967262
1983;Egypt;2.615133
1995;Former Serbia and Montenegro;24.192152
1986;Former Yugoslavia;140.797446
1983;Former Yugoslavia;117.065916
1984;Former U.S.S.R.;1266.162156
1981;France;100.229892
1990;France;67.388652
1995;France;53.202816
1995;Greece;25.722049
1994;Greece;26.467852
1985;France;85.71901
1987;Congo (Kinshasa);0.399528
1993;Congo (Kinshasa);0.203372
2009;Congo (Kinshasa);0.406116
1980;Congo (Kinshasa);0.39874
2013;Colombia;15.152551
2006;Croatia;1.95431
1984;Cuba;0.314937
1981;Cuba;0.188894
2006;Dominican Republic;1.462432
1991;Germany;441.418861
1999;Germany;278.403966
2002;Germany;297.805468
2010;Denmark;12.560752
2007;Denmark;14.768645
2009;Denmark;12.736512
1988;Denmark;20.063876
1985;Denmark;24.313212
1987;Germany, East;382.640464
1988;Germany, East;381.621569
1981;Germany, West;260.082585
1990;Germany, West;213.819957
1980;Germany, West;255.28203
2001;Germany;292.768264
1989;Greece;23.111095
2006;Egypt;3.565804
1980;Egypt;2.065883
1995;Egypt;3.15976
2002;Congo (Kinshasa);0.304731
2008;Congo (Kinshasa);0.304779
2007;Congo (Kinshasa);0.304728
2010;Czech Republic;64.732712
1984;Denmark;19.994652
1987;Denmark;23.081458
1995;Croatia;0.476392
1997;France;49.05627
1989;France;68.97798
2012;Dominican Republic;1.731736
1996;Dominican Republic;0.184208
2000;Dominican Republic;0.184482
1999;Dominican Republic;0.092025
2008;Finland;11.187388
2001;Estonia;0.144224
1996;Estonia;0.728001
1984;Finland;8.085032
1982;Finland;9.147768
1990;Former Czechoslovakia;134.017488
1984;Former Czechoslovakia;158.77332
1986;Colombia;10.655876
1999;Colombia;9.226956
2002;Finland;12.567208
2000;Finland;10.853758
2006;Finland;17.226306
1988;China;1780.307955
1990;China;1997.670477
1981;China;1195.97343
2014;Germany;287.769008
1998;Germany;292.07142
2009;Georgia;0.368268
2004;France;43.196776
2005;France;45.894032
2002;Greece;30.975858
2014;Georgia;0.64526
2012;Georgia;0.4609
2000;Guatemala;0.368152
2013;Guatemala;1.469472
2009;Guatemala;1.010262
2006;Guatemala;0.91856
2009;Honduras;0.180124
2011;Honduras;0.18096
2014;Honduras;0.17823
2003;Greece;31.325946
1983;Korea, North;67.865916
1989;Korea, North;50.563465
1998;Korea, North;35.862365
2001;Korea, North;44.121816
2009;Korea, North;58.227473
1999;Korea, North;40.0244
2005;Greece;31.626564
2004;Greece;31.88922
1983;Haiti;0.184836
1998;Kenya;0.276498
2006;Korea, South;185.910812
2012;Korea, South;269.968136
2008;Korea, South;220.119592
1994;Korea, South;90.244513
2006;Japan;373.78512
1990;Japan;245.30688
1994;Netherlands;36.237047
1997;Netherlands;43.129827
1996;Netherlands;35.640864
1987;Netherlands;28.750036
2012;Netherlands;24.423742
1990;Netherlands;37.15855
1989;Netherlands;31.46751
2002;Nepal;0.368352
2013;Nepal;0.736696
2003;Nepal;0.46075
1987;Mongolia;10.598896
1983;Mongolia;7.667946
1984;Mongolia;7.47656
2012;Moldova;0.441576
2007;Moldova;0.331947
1998;Moldova;1.017313
1994;Moldova;3.972039
1982;Mongolia;7.5808
2007;Mexico;34.476408
1995;Moldova;2.401022
2003;Jamaica;0.184018
2008;Jamaica;0.095402
2004;Israel;24.996699
2002;Israel;24.667038
2007;Italy;55.400022
2006;Italy;54.842132
2004;Italy;53.951403
1983;Italy;42.75873
1997;Italy;34.82715
2005;Italy;53.0656
1982;Ireland;2.7738
1990;Israel;7.91856
2004;Zimbabwe;1.086372
1983;Zimbabwe;5.290354
2012;Zimbabwe;3.985564
1995;Zimbabwe;2.286675
1982;Zambia;1.012836
1999;Zambia;0.276381
2011;Zimbabwe;3.627
1984;Zambia;0.92114
1983;Zambia;0.92087
1991;Virgin Islands,  U.S.;0.368644
2003;Venezuela;0.184648
2007;Venezuela;0.460155
1997;Venezuela;0.09235
1996;Vietnam;11.025075
2000;Vietnam;15.575028
1999;Vietnam;14.961986
2014;Vietnam;62.474775
2013;Vietnam;57.395525
1989;Vietnam;9.426412
2013;World;14681.994462
1985;World;7656.823458
1991;World;7926.758865
1996;World;8205.152546
2003;World;9751.477916
1983;World;7013.197079
1989;World;8227.516329
1993;Former Serbia and Montenegro;32.340627
2003;Former Serbia and Montenegro;35.676496
2001;Former Serbia and Montenegro;31.92684
1988;Former Czechoslovakia;150.166914
2011;Finland;11.807648
1985;Finland;11.519563
1989;Germany, East;373.018464
1985;Germany, East;379.10846
1996;Germany;322.324345
1988;Finland;10.682693
1990;Finland;13.056219
2011;Georgia;0.276087
1993;Georgia;0.460275
1992;Finland;9.515364
1999;Finland;8.279909
2009;France;33.615959
1984;Former Yugoslavia;131.635328
1982;Former Yugoslavia;107.127015
1991;Former Yugoslavia;141.65048
1990;Former Yugoslavia;144.74565
1982;Former U.S.S.R.;1267.603792
1983;Former U.S.S.R.;1256.54592
2003;France;44.836308
2000;France;50.018155
2013;France;37.777707
2006;France;42.53409
1994;Czech Republic;85.807782
1996;Denmark;25.583485
1997;Denmark;25.965287
1989;Denmark;21.157056
1998;Croatia;0.753304
1994;Croatia;1.042678
2003;Croatia;2.234304
1980;Denmark;20.02875
2010;Dominican Republic;1.462496
2001;Dominican Republic;0.368448
2013;Dominican Republic;1.731736
2014;Dominican Republic;1.82288
2007;Dominican Republic;1.4632
2002;Bulgaria;26.078224
1992;Former Serbia and Montenegro;33.656571
1986;Former Czechoslovakia;151.236798
1989;Former Czechoslovakia;140.350464
1987;Former Czechoslovakia;152.17434
1991;Finland;11.336401
1987;Finland;11.388485
1994;Finland;17.568135
1997;Finland;14.892258
1980;Finland;10.62334
2005;Finland;9.820866
1992;Hungary;18.900574
1998;Hungary;16.753004
1982;Hungary;29.153425
2005;Hungary;11.9505
2004;India;669.918144
2008;India;886.910492
2007;India;820.225272
1988;India;295.538698
1989;India;313.917165
2012;India;1251.0288
2010;Indonesia;116.866017
2000;Japan;316.192604
1993;Japan;250.233858
1995;Japan;276.864432
1998;Japan;280.446422
2007;Japan;388.99824
1992;Japan;243.66827
1999;Japan;296.63075
2014;Indonesia;200.76274
2003;Indonesia;81.226026
1981;Indonesia;0.372588
1982;Iran;3.955248
1994;Iran;3.272904
2002;Iran;3.339144
1992;Iran;2.635027
1997;Ireland;5.759082
1992;Ireland;6.46219
1981;Ireland;2.77185
1983;Ireland;3.14228
2010;Ireland;4.11408
1993;Ireland;6.45715
1996;Ireland;6.49663
1986;Iran;2.81759
2009;Iran;3.34798
2012;Congo (Kinshasa);0.305004
2010;Kazakhstan;138.591544
1992;Kazakhstan;152.818855
1997;Kazakhstan;83.762275
2002;Kazakhstan;85.02057
2011;Jamaica;0.095014
1987;Japan;220.958928
2010;Jamaica;0.0955
1985;Kenya;0.184834
1995;Congo (Kinshasa);0.205016
2006;Congo (Kinshasa);0.304677
2004;Congo (Kinshasa);0.304665
2013;Congo (Kinshasa);0.406672
1996;Congo (Kinshasa);0.20285
1985;Germany, West;244.025688
2012;Croatia;1.820346
1982;Greece;12.155648
1981;Greece;12.086676
1980;Greece;10.120916
2000;Ireland;6.226243
2013;Ireland;4.480217
2006;Israel;26.111663
2009;Israel;25.437456
1982;Israel;1.927322
1992;Israel;10.59682
1988;Israel;7.092096
1988;Italy;47.12112
2006;Tajikistan;0.184322
2009;Tajikistan;0.276918
2000;Tanzania;0.092287
1987;Thailand;11.42364
1982;Thailand;3.629684
1981;Thailand;2.87412
2010;Taiwan;130.88361
1992;Taiwan;45.489913
2011;Taiwan;135.7413
1990;Afghanistan;0.183922
1985;Bangladesh;0.184906
1998;Bangladesh;0.276513
1981;Botswana;0.738112
1986;Botswana;1.015443
1991;Botswana;1.473776
2010;Botswana;1.84174
1989;China;1760.113521
2005;Bhutan;0.091663
2009;Bhutan;0.184218
1992;Congo (Kinshasa);0.203048
1992;China;1838.969505
1993;China;1963.972982
1994;China;2111.515224
2009;China;5935.884948
1998;Chile;11.004287
2013;Chile;23.819194
2003;Chile;6.665112
2005;Chile;8.746365
2008;Chile;13.8243
1985;Italy;52.70976
2010;Iceland;0.289173
1991;Iceland;0.100086
2008;Ireland;4.750356
2010;Israel;25.437456
1998;Ireland;5.99885
1987;Israel;6.918137
1991;Israel;7.741695
2010;Philippines;26.173821
1982;Philippines;0.698467
1986;Philippines;3.641469
1991;Philippines;5.62656
1985;Peru;0.405236
1990;Peru;0.300273
1993;Peru;1.079705
1995;Peru;1.085282
2012;Peru;2.680818
2000;Peru;1.74069
1998;Portugal;10.174038
1999;Portugal;12.114438
1997;Portugal;11.40804
2001;Portugal;9.641184
1989;Portugal;7.83411
1992;Poland;252.796948
1999;Poland;213.101316
2000;Poland;206.057409
2008;Poland;199.91621
2002;Poland;200.124
2012;Indonesia;150.203683
2003;Hong Kong;21.760144
2005;Hong Kong;22.010705
1993;Hong Kong;24.69288
1992;Hong Kong;22.6359
1984;Iceland;0.101109
1985;Iceland;0.198294
1994;Hungary;17.34786
2002;Iceland;0.197442
2005;Iceland;0.289659
1999;Iceland;0.098414
1982;India;196.620936
1990;Iceland;0.19731
2009;Iceland;0.19313
2004;Iceland;0.2967
1983;Afghanistan;0.276648
1991;Afghanistan;0.184228
1997;Australia;153.869505
1996;Australia;146.394592
2010;Albania;0.386032
2001;Mauritius;0.857528
1990;Mauritius;0.098439
2006;Mauritius;1.150404
2013;Mauritius;1.725678
2007;Mauritius;1.438545
1999;Mauritius;0.262422
1997;Morocco;6.804914
2011;Nepal;0.736704
2012;Nepal;0.552522
1995;Nepal;0.18407
1988;Luxembourg;0.445948
2001;Luxembourg;0.368616
2006;Luxembourg;0.276975
2010;Luxembourg;0.18443
1990;Luxembourg;0.44486
2000;Macedonia;5.520507
1984;Malta;0.184402
1990;Malta;0.736496
1989;Malta;0.738184
1985;Malta;0.46147
1993;Slovenia;5.364327
2009;Slovenia;4.75275
1987;Mexico;11.269628
1992;Mexico;13.328208
1992;Slovenia;5.6559
2006;Slovenia;5.0403
1996;Slovenia;4.745
1981;Mexico;6.792608
2009;Mexico;31.58958
1996;Nepal;0.184356
1996;Turkmenistan;0.184298
1999;Thailand;35.046298
2014;Turkey;124.888848
2011;Turkey;151.461357
2012;Turkey;140.708688
1987;Turkey;72.209215
2006;United Arab Emirates;0.828828
2007;United Arab Emirates;0.368184
1984;United Kingdom;160.812894
2014;Ukraine;122.746675
2009;Ukraine;127.537312
1995;Ukraine;201.839996
2000;Ukraine;136.97365
1999;Ukraine;135.23928
2000;U.S. Territories;-
1994;U.S. Territories;-
2000;United Kingdom;126.061144
2009;United Kingdom;102.014668
1980;United States;1435.757916
1984;United States;1598.323588
1988;United States;1774.803204
2005;United States;2181.946464
2011;Sri Lanka;1.106808
1999;Zimbabwe;3.089342
1986;Sweden;10.543013
1997;Zimbabwe;2.2955
1980;Switzerland;1.067122
1996;Taiwan;61.825346
1999;Taiwan;80.838114
1994;Taiwan;52.333863
1982;Sweden;5.995902
1991;Sweden;9.013531
1995;Sweden;8.344336
2002;Sweden;7.602658
2004;Sweden;8.193822
2005;Sweden;8.403504
1981;U.S. Territories;-
1991;U.S. Territories;-
1993;U.S. Territories;-
1998;U.S. Territories;-
2004;U.S. Territories;-
2011;U.S. Territories;-
1999;U.S. Territories;-
2004;World;10380.607917
2011;World;14032.201068
2012;World;14456.549945
2002;World;8963.575922
2001;World;8714.985431
2003;Korea, North;43.029279
2006;Korea, North;47.75438
2004;Korea, North;44.0856
2000;Mauritius;0.485178
2005;Mauritius;0.862704
2008;Mauritius;1.629756
1994;Mexico;18.132016
1988;Ireland;6.92655
1994;Ireland;5.90304
1980;Ireland;2.12405
2010;Mauritius;1.629756
2012;Mauritius;1.629807
1994;Mauritius;0.200106
1996;Mauritius;0.085582
2014;Moldova;0.331182
1997;Moldova;1.111044
1993;Moldova;4.061288
2006;Mexico;34.375616
2009;Mongolia;9.3761
2001;Moldova;0.36916
1993;Luxembourg;0.655668
2000;Luxembourg;0.36908
1984;Luxembourg;0.4467
2000;Lithuania;0.283122
1999;Lithuania;0.319232
2011;Macedonia;5.500924
1999;Mongolia;7.51647
2011;Moldova;0.442316
2003;Moldova;0.755622
2004;Moldova;0.367788
2003;Luxembourg;0.185414
2008;Luxembourg;0.184352
2012;Luxembourg;0.184252
1989;Luxembourg;0.445032
1997;Mexico;22.827177
1996;Mexico;23.220488
1995;Mexico;20.160576
2002;Mexico;29.149224
2001;Mexico;27.51912
1982;Mexico;8.22996
1993;Korea, South;89.702964
1992;Netherlands;32.773972
1995;Netherlands;35.542752
2003;Netherlands;43.718274
2010;Korea, South;255.024
2009;Netherlands;22.66038
1994;Bangladesh;0.829458
1987;Bangladesh;0.184748
2002;Denmark;12.220054
1998;Denmark;15.614417
2003;Denmark;18.765756
2008;Denmark;13.08764
2009;Egypt;2.756448
1985;Egypt;2.802927
1990;Egypt;2.943237
1990;Cuba;0.39102
2013;Australia;163.034784
1983;Austria;16.043857
1991;Belgium;37.253524
1993;Belgium;31.874016
1999;Belgium;26.321664
2001;Belgium;29.460915
2012;Bhutan;0.183224
2006;Bhutan;0.092169
2014;Bhutan;0.183224
1999;Bhutan;0.092154
1999;Bulgaria;26.23775
2009;Bulgaria;30.14521
1986;Brazil;35.414171
1985;Brazil;32.943416
1990;Brazil;32.136828
1998;Brazil;37.624483
2007;Brazil;45.079295
1989;Brazil;35.036064
2007;Korea, North;52.74165
2014;Kyrgyzstan;3.28902
2010;Kosovo;5.79408
2006;Kenya;0.368444
2008;Malaysia;31.219188
1998;Mauritius;0.22301
2006;Malaysia;22.56254
1983;Mexico;9.540615
1984;Mexico;9.472944
1980;Mexico;7.61796
1993;Malta;0.644854
1992;Malta;0.368568
1994;Malta;0.46033
1987;Malta;0.4611
2012;Madagascar;0.558948
2002;Luxembourg;0.184662
2013;Luxembourg;0.184252
2005;Luxembourg;0.276426
2001;Macedonia;6.016108
2014;Macedonia;4.648483
1994;Macedonia;5.001981
1998;Macedonia;6.043326
2013;Macedonia;4.933084
1984;Malawi;0.092713
2011;Malaysia;47.151616
1991;Malaysia;5.033232
1994;Malaysia;4.943098
2001;Malaysia;9.577672
1983;Malawi;0.092629
1981;Malawi;0.092299
2012;Malawi;0.092341
2000;Malawi;0.184628
2007;Malawi;0.183974
2003;Malawi;0.184342
2003;Morocco;10.590465
2006;Morocco;10.684876
2004;Morocco;10.038246
1982;Morocco;1.671661
1981;Morocco;1.772982
1990;Morocco;3.989496
1998;Morocco;7.545474
1985;Morocco;2.519842
1999;Morocco;7.231146
1985;Nepal;0.18501
2014;Hong Kong;27.995968
1990;Hong Kong;19.13495
2002;Honduras;0.332016
1983;Hong Kong;5.900268
1985;Hungary;26.371675
1984;Hungary;28.026452
2014;Montenegro;1.551368
2014;Mongolia;11.19392
1981;Mongolia;5.962698
1998;Mongolia;7.516002
2001;Mongolia;7.80921
2005;Moldova;0.367488
2008;Moldova;0.442316
2004;Mexico;27.825039
1990;Mexico;13.29534
1998;Mexico;23.91918
1998;Luxembourg;0.276387
1994;Luxembourg;0.75516
1993;Lithuania;0.548158
2009;Lithuania;0.480915
1994;Lithuania;0.94103
1997;Lithuania;0.5646
2013;Lithuania;0.7684
2006;Latvia;0.270546
2004;Latvia;0.186814
2005;Latvia;0.271194
1991;Netherlands;34.049984
1993;Netherlands;32.785975
1982;Netherlands;25.844019
1999;Netherlands;38.241736
2011;Netherlands;22.323675
2013;Netherlands;24.74831
1999;Hong Kong;12.341266
2012;Hong Kong;25.141116
2006;Hong Kong;23.221548
2013;Hong Kong;26.338312
2000;Kyrgyzstan;1.585471
1997;Kyrgyzstan;1.776728
1999;Kyrgyzstan;1.771788
2007;Kyrgyzstan;2.044856
1992;Kyrgyzstan;3.535254
2002;Latvia;0.188042
1997;Laos;0.092004
1996;Laos;0.092412
2005;Laos;0.370008
2008;Laos;0.369596
1984;Netherlands;22.752576
1986;Netherlands;26.189482
2010;Nepal;0.737128
1998;Nepal;0.184172
2006;Nepal;0.368632
2004;Nepal;0.368636
2014;Nepal;0.828783
1999;Nepal;0.644917
2009;Nepal;0.460435
1982;Nepal;0.09269
1988;Bulgaria;36.69198
2001;Denmark;13.426245
2008;Brazil;44.64912
1993;Brazil;34.55573
1990;Germany, East;327.886273
1982;Germany, West;258.801196
1988;Germany, West;225.848385
1984;Germany, West;250.78636
2000;Denmark;12.47904
2004;Denmark;14.90658
1988;Greece;22.384455
2014;Greece;23.290481
1987;Egypt;2.988711
1982;Egypt;2.806368
2014;Burma (Myanmar);0.829413
1987;Burma (Myanmar);0.193694
1982;Burma (Myanmar);0.58053
1980;Burma (Myanmar);0.48798
1983;Bulgaria;35.614059
2010;Bulgaria;32.584552
1982;France;105.715876
1986;France;72.645609
2012;France;34.026729
2011;France;29.1357
2002;Czech Republic;73.214695
1997;Czech Republic;82.19499
2005;Czech Republic;83.26104
2007;Czech Republic;72.88589
1982;Denmark;18.933036
1990;Denmark;19.935491
1984;Greece;14.3166
1983;Greece;14.3865
2011;Greece;26.8548
1985;Greece;17.017
2008;Croatia;2.103625
2010;Croatia;2.1029
2004;Croatia;2.5362
1987;Cuba;0.163494
1999;Bosnia and Herzegovina;10.051259
2002;Bosnia and Herzegovina;11.53882
2012;Bosnia and Herzegovina;11.96039
2005;Bosnia and Herzegovina;6.921525
1994;Bosnia and Herzegovina;2.126058
1983;Botswana;0.830736
2009;Botswana;1.381575
2011;Botswana;1.47376
1990;Botswana;1.47336
2002;Bhutan;0.092025
1985;New Caledonia;0.369196
1988;New Caledonia;0.369328
2010;New Caledonia;1.380825
2003;New Caledonia;0.644665
2006;New Caledonia;0.64477
1987;Bulgaria;39.853368
1985;Bulgaria;35.378156
1992;Brazil;34.596496
2013;Brazil;55.678068
2000;Bhutan;0.092154
1984;Australia;94.103695
1982;Australia;96.737196
1985;Argentina;2.399236
1981;Argentina;2.698972
1995;Argentina;3.002142
1997;Argentina;2.5389
2005;Albania;0.097173
2001;Algeria;1.097876
1987;Austria;16.45216
1985;Austria;19.2437
1993;Bangladesh;1.013232
2002;Botswana;1.749748
2001;Botswana;1.657998
2005;Botswana;1.934289
1995;Botswana;1.657926
1997;Botswana;1.473472
1982;Austria;16.039947
2010;Belarus;0.176038
1981;Austria;16.29144
2008;Austria;9.658656
2011;Australia;176.199488
2003;Australia;174.417506
2007;Australia;188.743932
1999;Australia;170.775376
1986;Australia;103.093851
2012;Australia;168.72096
2010;Brazil;44.972928
1991;Brazil;35.576695
1982;Brazil;22.565826
1983;Brazil;24.47055
1989;Afghanistan;0.276915
1985;Afghanistan;0.277074
2011;Afghanistan;2.854418
2014;Afghanistan;2.946592
1991;Bangladesh;0.276411
1996;Bangladesh;0.552558
2001;Bangladesh;1.104852
2011;Bangladesh;2.302475
1997;Colombia;11.441375
2007;Colombia;9.525048
1987;Belgium;34.626416
2012;Belarus;0.703544
1982;Afghanistan;0.276648
2011;Colombia;14.170242
2010;Colombia;12.701508
1988;Colombia;10.839126
1994;Colombia;12.719056
1984;Colombia;9.090774
2004;Colombia;8.874782
2005;China;4449.873171
2003;China;3360.171345
1982;Colombia;8.4617
1990;Jamaica;0.088627
1994;Jamaica;0.092105
2013;Jamaica;0.190596
2014;Jamaica;0.190596
2002;Jamaica;0.184586
2001;Jamaica;0.092309
2004;Jamaica;0.18442
1991;Ireland;6.9204
2006;Iran;3.877288
2003;Iran;3.58758
1995;Israel;14.017656
1987;Greece;19.809765
1991;Greece;23.356585
1997;Greece;26.367108
1999;Greece;27.876706
2010;Greece;25.93429
2010;Tajikistan;0.277029
1981;Kenya;0.184478
2011;Kenya;0.736512
1992;Kenya;0.276711
2005;Kenya;0.275934
1989;Kenya;0.277599
2000;Italy;42.05296
1994;Kenya;0.27693
2001;Kenya;0.1843
2010;Thailand;55.310175
2000;Thailand;34.466744
2001;Thailand;39.478535
2013;Thailand;60.054008
2008;Thailand;55.093376
2009;Thailand;55.999688
1994;Thailand;30.27843
1988;Taiwan;35.366864
2013;United States;1722.940968
1998;United States;2064.488136
2004;United States;2160.128366
1995;Uzbekistan;3.641692
2010;Uzbekistan;4.440334
1980;Venezuela;0.107653
1988;Venezuela;0.208508
1989;Venezuela;0.095345
1987;Vietnam;12.619062
1989;Jamaica;0.101764
1991;Italy;45.736818
1990;Italy;49.343833
1993;Italy;34.682869
1995;Italy;41.220432
1996;Italy;36.989694
1999;Italy;38.765154
2009;Italy;43.793054
1992;Italy;40.44742
1989;Italy;46.299
2003;Switzerland;0.207932
2004;Switzerland;0.376976
2012;Switzerland;0.27804
2006;Switzerland;0.35279
2014;Taiwan;135.540432
1983;Taiwan;18.618348
1980;Taiwan;12.410685
1986;Taiwan;28.406988
1985;Taiwan;23.142672
1986;Switzerland;1.253592
2000;Swaziland;0.460535
2013;Swaziland;0.368212
1985;Sweden;10.33632
1981;Sweden;5.087665
1993;Sweden;8.264718
1998;Sweden;8.024436
2000;Sweden;8.115309
2007;Sweden;8.790782
2001;Sweden;7.74444
1986;Swaziland;0.385404
2012;Swaziland;0.460265
1991;Swaziland;0.288273
1997;Swaziland;0.552462
1999;Swaziland;0.460325
2006;Thailand;48.01089
2007;Thailand;51.15261
1986;Turkey;73.926444
1998;Swaziland;0.460385
2005;Zimbabwe;1.266356
1981;Zimbabwe;5.204385
1987;Swaziland;0.38524
1984;Swaziland;0.28977
1985;Swaziland;0.38598
1982;Zimbabwe;5.386582
1980;Zimbabwe;5.661096
2007;Zimbabwe;3.079924
1989;Swaziland;0.38524
2002;United Arab Emirates;0.276306
2008;United States;2139.547977
1989;United States;1795.32608
1986;United States;1617.4346
2002;United States;2094.57
2014;Uzbekistan;5.297105
2001;Uzbekistan;4.445164
2004;Uzbekistan;3.955475
2007;Uzbekistan;4.336425
1982;Venezuela;0.101689
2014;Venezuela;0.737104
2013;Venezuela;0.737104
1999;Venezuela;0.091974
1994;Venezuela;0.18414
2006;Venezuela;0.82836
2002;Colombia;10.520852
1992;Colombia;12.446312
1983;Colombia;8.743135
1997;China;2223.177138
2006;China;4947.257304
1981;Finland;6.317831
2004;Estonia;0.06834
1997;Former Serbia and Montenegro;36.895852
1998;Former Serbia and Montenegro;39.28294
1999;Former Serbia and Montenegro;28.92825
1980;Former Czechoslovakia;150.971796
1993;Finland;12.832927
2009;Finland;12.512871
1980;Cuba;0.186924
1993;Cuba;0.190008
1991;Cuba;0.280005
1992;Cuba;0.097304
2010;Congo (Kinshasa);0.406132
1990;Congo (Kinshasa);0.406076
2000;Zimbabwe;3.358934
1993;Zimbabwe;2.448738
1994;Zimbabwe;2.305825
1998;Zimbabwe;2.27925
1993;Croatia;1.670802
1987;Cyprus;0.18469
2011;Croatia;2.1117
1986;Cuba;0.332067
1997;Virgin Islands,  U.S.;0.552306
1991;Zimbabwe;2.933856
1985;Zimbabwe;6.44714
1990;Zambia;0.734528
1995;Zambia;0.274068
1997;Zambia;0.45892
2007;Zambia;0.18647
1989;Zambia;0.92053
1981;Zambia;0.9205
2008;Zambia;0.226
2014;Congo (Kinshasa);0.305004
2000;Colombia;11.444958
2008;Colombia;9.257862
2012;Finland;10.176285
2013;Estonia;0.087809
1992;Estonia;0.656328
1994;Estonia;0.311974
2006;Estonia;0.174482
2014;Finland;10.66087
1983;Finland;8.888328
1993;Virgin Islands,  U.S.;0.6447
1988;Vietnam;11.794515
2008;Vietnam;43.063515
2007;Vietnam;34.994432
2009;Vietnam;45.730201
1992;Vietnam;8.340421
1995;Vietnam;9.396545
1994;Vietnam;8.095286
1990;Vietnam;8.44774
1981;Vietnam;9.1917
1986;Congo (Kinshasa);0.399624
1984;Congo (Kinshasa);0.400532
1985;Congo (Kinshasa);0.400188
1983;Congo (Kinshasa);0.402144
1981;Congo (Kinshasa);0.397832
1988;Congo (Kinshasa);0.397168
2011;Congo (Kinshasa);0.406144
1996;Finland;15.168972
2003;Finland;21.453852
1998;Finland;9.992311
2013;China;7763.844968
2008;China;5491.785738
1998;Bosnia and Herzegovina;10.52912
1996;Korea, North;40.791378
2010;Korea, North;54.84944
1993;Korea, North;55.7304
2003;Botswana;1.565887
2000;Botswana;1.933827
1996;Botswana;1.473808
1980;Brazil;18.744614
2004;Brazil;43.059249
1984;India;226.36341
1984;Korea, North;69.618451
2006;Kazakhstan;115.106076
2008;Kazakhstan;143.950265
1981;Korea, North;61.85091
2001;Kazakhstan;80.37246
1993;Denmark;19.734122
1991;Denmark;24.91755
2002;Brazil;38.817816
1981;Brazil;20.14636
1991;Colombia;11.976282
1995;Colombia;12.959204
1989;Colombia;11.868774
1998;Colombia;11.25573
1996;Colombia;10.94172
1981;Colombia;8.726985
2006;Colombia;9.077409
2004;Korea, South;172.978641
1993;Kyrgyzstan;3.17237
2010;Lithuania;0.576768
1996;Lithuania;0.87535
1996;Latvia;0.41569
2012;Kosovo;5.21451
1990;Nepal;0.093147
1988;Nepal;0.092489
2003;Laos;0.370276
2001;Laos;0.184234
2003;Mauritius;0.673648
2014;Mauritius;1.91742
2009;Mauritius;1.43847
2002;Mauritius;0.7344
1994;Namibia;0.184036
2008;Morocco;9.665985
1995;Malta;0.091807
1986;Nepal;0.092152
1987;Nepal;0.184756
1988;Malta;0.56535
2003;Korea, South;167.287464
2000;Korea, South;140.019024
2001;Korea, South;150.195578
1988;Korea, South;101.450672
2011;Korea, South;275.690084
1982;Korea, South;66.328188
1991;Korea, South;91.358477
1989;Korea, South;97.057011
2013;Laos;0.369692
2007;Laos;0.36984
2012;Ireland;5.120248
2002;Ireland;6.073848
2001;Ireland;6.364422
2007;Ireland;5.294356
1989;Ireland;7.298889
2011;Ireland;4.201732
1999;Ireland;5.184592
1983;Israel;4.227768
1986;Italy;47.410131
1984;Israel;5.24457
1993;Israel;10.602262
2012;Israel;29.291616
2003;Israel;24.316256
2008;Israel;26.208832
2013;Israel;24.184854
2000;Israel;18.97192
2005;Japan;379.153095
1985;Israel;6.086367
2014;Japan;400.78401
1985;Japan;230.3818
1980;Netherlands;16.3944
1988;Netherlands;32.6403
2001;Nepal;0.736696
2003;Bosnia and Herzegovina;9.886514
2004;Bosnia and Herzegovina;8.39566
1980;Botswana;0.645967
1987;Botswana;1.015509
1988;Botswana;1.200264
1989;Botswana;1.292144
1980;Chile;3.352752
1981;Chile;3.326652
1990;Chile;7.091392
1983;Chile;2.79231
2000;Australia;171.104575
2006;Australia;187.693632
1987;Australia;112.940268
1981;Australia;90.180402
2002;Argentina;1.454775
2001;Argentina;1.709673
1984;Bulgaria;35.635548
2006;Argentina;2.586713
2007;Argentina;2.877248
1992;Armenia;0.276348
1999;Bangladesh;0.183782
2013;Croatia;1.903089
2005;Croatia;2.034912
2007;Croatia;2.022096
1990;Cyprus;0.082854
1989;Cyprus;0.127357
1994;Chile;5.98884
1995;Cuba;0.192044
1994;Cuba;0.191648
1988;Cuba;0.17755
2004;Australia;181.201449
2001;Canada;101.156429
2007;Belgium;18.372328
2010;Canada;82.098848
2006;Canada;96.134584
2014;Canada;67.237322
1999;Canada;95.157848
2009;Canada;79.739474
2007;Indonesia;127.08834
1986;Ireland;4.987548
1984;Ireland;3.142824
2013;Turkey;117.594144
1997;Turkey;108.756648
2009;Turkey;147.700005
2000;Turkey;120.49379
1980;Turkey;30.436575
1989;Turkey;81.615912
1983;Turkey;39.87775
1982;Turkey;35.1315
1984;U.S. Territories;-
2012;Uzbekistan;4.719239
1999;Uzbekistan;3.473748
1993;Uzbekistan;6.31884
2013;Uzbekistan;4.81555
2010;Venezuela;0.644903
2012;Venezuela;0.737104
2001;Venezuela;0.184292
1987;Venezuela;0.23869
1984;Vietnam;10.353106
1983;Indonesia;0.279402
2006;Indonesia;101.3023
1985;Indonesia;4.6364
2010;India;1055.709204
2012;Iceland;0.290895
1997;Iceland;0.098321
1998;India;494.610532
2001;India;561.529388
2006;India;753.140192
2005;India;706.7988
2004;Hungary;13.956105
2008;Hungary;12.070334
1993;Hungary;18.526612
1998;Iceland;0.196298
2007;Iceland;0.289899
1996;India;471.750945
1999;India;524.527962
1986;India;256.182115
1992;India;381.17394
1995;India;448.64057
2001;Slovakia;17.428026
2000;Slovakia;17.24292
2006;Slovakia;15.95698
2001;Israel;22.70564
2002;Italy;44.213616
2012;Italy;55.308495
1984;Italy;48.263714
1982;Italy;46.259956
2011;Italy;53.623624
1989;Israel;7.32732
1980;Swaziland;0.385824
2014;Swaziland;0.368212
1990;Swaziland;0.384244
2002;Swaziland;0.368432
2003;Swaziland;0.368048
2004;Swaziland;0.368148
1982;Swaziland;0.38576
1998;South Africa;319.486032
2004;South Africa;361.911977
2008;South Africa;377.642994
1986;Spain;90.015003
1987;Spain;87.205806
1984;Spain;89.991744
1995;Spain;81.786615
1997;Spain;78.23165
2009;Spain;35.10962
1993;Spain;84.6873
1995;Hungary;17.551352
2003;Hungary;15.040494
2000;Hungary;15.420126
1980;Hungary;28.319208
1987;Iceland;0.099254
1996;Hungary;17.96696
2005;Israel;26.208016
1986;Israel;6.106776
2011;Israel;26.01558
1988;Iceland;0.196
2012;Tajikistan;0.646401
1994;Switzerland;0.30386
1994;Tajikistan;0.09266
2006;Taiwan;131.381088
2002;Taiwan;106.138296
1982;Taiwan;13.643483
1997;Taiwan;70.282845
1998;Taiwan;76.809816
2010;South Africa;366.889534
1997;South Africa;313.716044
1985;South Africa;243.972015
1990;South Africa;269.817948
2012;South Africa;373.15584
1999;South Africa;305.04243
2009;South Africa;360.61639
2004;Slovakia;16.554987
2000;Slovenia;4.75615
2010;Slovenia;4.7584
2013;Indonesia;169.911585
1997;Indonesia;32.508829
2000;Indonesia;46.228176
1997;Jamaica;0.091935
2002;Belarus;0.685648
1993;Algeria;1.719386
1997;Algeria;1.121445
2003;Algeria;1.401834
2003;Belarus;0.569849
1999;Belarus;1.367376
1998;Belarus;1.523897
1990;Algeria;2.162016
2000;Norway;2.391792
1988;Norway;2.484925
1998;Norway;2.489925
1991;Congo (Kinshasa);0.202862
1997;Congo (Kinshasa);0.203388
1998;Congo (Kinshasa);0.203018
2000;Congo (Kinshasa);0.203058
2005;Congo (Kinshasa);0.304437
1999;Congo (Kinshasa);0.203022
2003;Colombia;10.594164
2001;Colombia;11.163972
1985;Cuba;0.380166
1982;Cuba;0.35025
2008;New Caledonia;0.829017
1987;New Zealand;3.640533
1991;New Zealand;3.970577
2006;New Zealand;7.635502
1986;Niger;0.092433
1987;Niger;0.184442
1983;Niger;0.184682
1993;Niger;0.184104
1994;Niger;0.184104
1996;Niger;0.184332
2012;Afghanistan;2.394106
2013;Afghanistan;2.578268
2012;Albania;0.289662
1993;Albania;0.498355
2003;Albania;0.096807
2001;Albania;0.193856
1993;Belarus;3.415104
1980;Belgium;40.52972
1984;Albania;4.814298
1981;Albania;3.686982
2011;Belgium;14.618462
1990;Belgium;38.989516
1997;Belgium;30.806856
2008;Belgium;16.10055
1988;Albania;5.238184
2009;Belgium;12.59122
1996;Belgium;32.64756
2011;Bhutan;0.183224
2010;Bhutan;0.184918
1986;Albania;4.9714
2010;Pakistan;12.001652
1992;Pakistan;7.416684
1991;Pakistan;7.14402
1980;Pakistan;3.0528
1985;U.S. Territories;-
1983;U.S. Territories;-
2012;U.S. Territories;-
1990;U.S. Territories;-
1995;U.S. Territories;-
2001;U.S. Territories;-
2006;U.S. Territories;-
2005;U.S. Territories;-
2002;U.S. Territories;-
2014;Colombia;16.378769
1985;Colombia;10.019825
1990;Colombia;11.64224
2009;Colombia;12.70841
1980;Colombia;8.707035
1998;Egypt;3.205186
2001;Egypt;3.393642
2004;Egypt;3.810948
1981;Egypt;2.70636
1992;Egypt;2.67645
2002;South Africa;322.688288
2001;South Africa;312.583518
1995;South Africa;289.954236
2014;Spain;40.877472
1982;Spain;86.954796
1990;Spain;90.214056
1996;Spain;70.048344
1994;Spain;81.74824
2012;Spain;50.65635
1981;South Africa;197.237084
1980;South Africa;180.93525
2011;South Africa;354.81215
2013;Slovakia;13.40631
2011;Slovenia;4.857342
1995;Slovenia;5.016026
2001;Slovenia;5.040035
2007;Slovakia;15.2789
1991;India;360.998554
1985;India;237.595533
1985;Hong Kong;10.272426
1988;Hong Kong;16.788709
1996;Hong Kong;14.853566
1998;Hong Kong;13.326267
1982;Hong Kong;1.801712
2010;Hungary;11.789026
1997;Hungary;18.141138
2014;United Arab Emirates;4.60495
1988;United Kingdom;232.468434
2004;Ukraine;138.366761
1996;Ukraine;156.494824
2000;Venezuela;0.4605
1980;U.S. Territories;-
1993;United States;1882.401005
1994;United States;1893.186628
1999;United States;2062.444986
1992;United Kingdom;208.4223
2007;South Africa;370.370945
2003;Sri Lanka;0.184442
2009;Sri Lanka;0.18462
1980;Spain;58.775808
1981;Spain;78.543605
1993;Turkmenistan;0.368444
1984;South Africa;237.19581
1982;South Africa;211.35336
1994;Slovenia;5.002034
2013;Slovenia;4.291875
2004;Slovenia;5.230665
1999;Slovenia;4.835361
2005;Turkey;115.066286
2001;Turkey;109.185224
1994;Virgin Islands,  U.S.;0.736296
1999;Virgin Islands,  U.S.;0.645043
2008;Turkey;147.75993
2003;Vietnam;19.62719
1981;Turkey;31.677698
1988;Turkey;61.229198
1992;Turkey;89.997432
1995;Turkey;91.972635
2002;Turkey;99.267117
2004;Turkey;96.325632
2004;Botswana;1.657746
2008;Botswana;1.473472
2012;Brazil;50.441022
1994;Brazil;35.146818
2003;Brazil;39.784921
2014;Brazil;61.006992
2005;Brazil;42.971654
2009;Brazil;37.043164
2011;United Kingdom;107.340886
2001;United Kingdom;133.877304
2013;United Kingdom;126.508302
2005;United Kingdom;129.939708
1995;United Kingdom;161.112633
1990;United Kingdom;222.836103
1992;U.S. Territories;-
1996;U.S. Territories;-
2013;U.S. Territories;-
1989;U.S. Territories;-
1988;South Africa;261.257938
2003;South Africa;342.391455
2006;South Africa;361.302484
1986;South Africa;244.244506
1988;Spain;72.932472
2011;Spain;45.301674
1989;Spain;92.415407
2010;Spain;27.638738
2005;Spain;83.62442
2002;Bangladesh;1.105272
2003;Bangladesh;1.105344
2001;Vietnam;17.58672
2003;Zambia;0.276666
2001;Zambia;0.276276
2006;Zambia;0.091832
1986;Zambia;1.014068
1988;Zambia;1.013265
1994;Zambia;0.733248
2014;Australia;158.094336
1990;Australia;126.580545
2008;Australia;187.57635
1997;Austria;12.779574
1999;Austria;12.222035
1986;Austria;16.033992
1996;Austria;13.287366
1994;Austria;10.64874
2010;Austria;9.042833
2004;Bangladesh;1.197417
1997;Bangladesh;1.013177
2005;Australia;184.197404
1985;Australia;104.325184
2014;Bulgaria;35.796904
2006;Botswana;1.565292
2002;Austria;14.150868
2003;Austria;14.209756
2011;Belarus;0.176036
2014;Belarus;1.495031
2010;Belgium;15.672672
1998;Belgium;30.491924
2003;Belgium;21.681648
2004;Belgium;21.795837
2008;Belarus;0.175834
2013;Belgium;14.27114
1997;Belarus;1.608264
2014;Austria;7.674984
1992;Belarus;3.466848
1989;Argentina;3.137976
2011;Argentina;3.69041
1986;Kenya;0.185442
1982;Kenya;0.092425
1999;Kenya;0.276495
2000;Czech Republic;77.978208
1995;Czech Republic;84.54707
2003;Czech Republic;74.96705
2009;Czech Republic;64.62516
2011;Denmark;10.435212
1983;Denmark;17.482368
1989;Belgium;37.35036
1997;Bhutan;0.092025
2005;Belgium;20.7072
1995;Belarus;2.5214
2009;Korea, South;228.999641
1983;Korea, South;70.494676
2005;Korea, North;46.680725
2008;Korea, North;58.610448
1995;Korea, South;93.211904
1986;Korea, South;95.47004
1986;Mongolia;10.040214
1991;Mongolia;10.289818
2013;Japan;397.579935
2004;Japan;365.077605
2013;Bangladesh;3.038871
2014;Belgium;12.734248
2006;Belgium;20.141382
1983;Belgium;36.220878
1982;Belgium;40.104456
2009;Belarus;0.175748
1984;Brazil;29.129804
1999;Brazil;41.423715
2011;Brazil;46.74017
1997;Brazil;39.23178
2002;Netherlands;42.920068
1985;Netherlands;24.206648
2014;Netherlands;27.669422
2008;World;12401.874428
1993;World;7760.243396
1980;World;6581.867399
1981;World;6700.398013
1984;World;7370.591501
1986;World;7771.098688
1992;World;7727.01012
2005;Indonesia;85.462304
1998;Indonesia;36.652616
2009;Ireland;3.838422
2002;Kenya;0.368352
2013;Kenya;0.644609
2008;Iran;2.822831
1983;Iran;3.773364
1980;Iran;3.496974
2004;Iran;3.637512
1981;Iran;2.954259
1985;Mongolia;9.088992
2006;Moldova;0.374096
1999;Moldova;0.473724
2010;Moldova;0.438836
2009;Moldova;0.441756
2002;Moldova;0.46168
2013;Moldova;0.55197
1992;Moldova;4.42608
2000;Nepal;0.644609
2007;Nepal;0.46044
2012;Kazakhstan;148.444186
2011;Kazakhstan;147.029744
2009;Kazakhstan;129.263274
2012;Japan;375.792225
2002;Japan;343.043954
1988;Japan;239.792288
1997;Japan;291.230715
2009;Japan;347.576944
2007;Iran;4.240896
1987;Iran;2.819357
2014;World;14518.459127
1990;Burma (Myanmar);0.289761
2009;Burma (Myanmar);1.199757
1980;Australia;89.579985
1987;Argentina;3.126515
1986;Argentina;2.855424
1984;Argentina;2.009194
2004;Argentina;2.15625
1988;Austria;14.850465
1992;Albania;0.666288
1998;Albania;0.096625
2014;Madagascar;1.211054
2006;Macedonia;4.774263
2004;Macedonia;5.409992
1986;Malaysia;0.841221
1982;Malaysia;0.291618
2010;Malawi;0.092341
2009;Malawi;0.092089
2009;Kosovo;5.507454
1998;Laos;0.093701
2011;Laos;0.36962
1997;Korea, South;113.573568
1996;Korea, South;106.089984
2002;Korea, South;160.59156
1998;Korea, South;117.58592
1994;Kyrgyzstan;2.869918
2005;Kyrgyzstan;1.86122
1990;Canada;79.32984
2002;Canada;99.98856
2000;Bulgaria;26.693033
2001;Bulgaria;28.486926
2013;Botswana;2.026442
2012;Belgium;14.710252
1986;Belgium;33.899118
2000;Belarus;1.164735
2007;Belarus;0.176154
1981;Belgium;40.89435
2004;Belarus;0.50751
1996;Belarus;2.0344
1981;Germany, East;332.807171
1987;Germany, West;230.541821
1983;Germany, West;252.1306
1987;France;64.362975
1983;France;93.818456
1994;France;49.531508
2008;France;41.414424
1998;France;57.599688
2014;France;28.757498
2010;France;35.19924
1994;Albania;0.386808
1981;Algeria;0.655662
2007;Albania;0.097173
1999;Albania;0.288822
1990;Albania;4.633097
1986;Algeria;3.323196
1992;Algeria;2.235875
1989;Albania;5.227656
1984;Algeria;2.677164
1994;Algeria;1.87506
2012;Czech Republic;62.399456
1996;Czech Republic;84.700122
1998;Czech Republic;75.129205
1992;Virgin Islands,  U.S.;0.552438
1996;Virgin Islands,  U.S.;0.645127
1997;Vietnam;16.136511
1998;Vietnam;16.315212
2012;Vietnam;57.801865
2006;Vietnam;32.655972
2005;Vietnam;30.233412
2004;Vietnam;22.325807
2010;Vietnam;53.33272
1993;Vietnam;6.741272
2008;Uzbekistan;4.23808
2011;Venezuela;0.644966
1998;Venezuela;0.092092
2005;Venezuela;0.091863
2008;Venezuela;0.460775
2009;Venezuela;0.736776
1985;Venezuela;0.10745
1983;Vietnam;10.356237
1981;Venezuela;0.1061
1986;Vietnam;11.26653
2002;Uzbekistan;4.444888
2000;Uzbekistan;4.246748
2006;Uzbekistan;4.147221
2005;Uzbekistan;3.85984
2008;Slovakia;15.948572
2005;Slovakia;16.25988
1991;Niger;0.184176
2005;Niger;0.184004
1984;Niger;0.18448
2000;Niger;0.18435
2010;Zimbabwe;3.173485
1990;Zimbabwe;3.027024
2009;Zimbabwe;2.901536
1987;Zambia;0.829251
1991;Zambia;0.735032
2002;Zambia;0.276135
1996;Zambia;0.36714
1985;Zambia;0.92151
1980;Zambia;1.19704
2009;Zambia;0.339
1995;Thailand;33.890898
2002;Thailand;40.562011
1991;Thailand;24.623565
1993;Thailand;27.45177
2010;Turkey;142.899966
1990;Turkey;81.945302
2012;United Arab Emirates;4.881247
2013;United Arab Emirates;4.236554
2002;United Kingdom;123.647256
2009;Uzbekistan;4.630656
2011;Uzbekistan;4.73046
1992;Uzbekistan;8.10628
1998;Uzbekistan;3.47364
2012;Sweden;6.7732
1994;Sweden;8.3889
2006;Sweden;9.6632
2011;Tajikistan;0.368876
2007;Tajikistan;0.276699
2004;Tajikistan;0.18446
1999;Tanzania;0.092177
1984;Thailand;4.090246
1997;Slovenia;5.23182
2012;Slovenia;4.76875
2003;Slovenia;5.13702
2004;Taiwan;125.86464
2000;Jamaica;0.091963
1999;Jamaica;0.184674
1989;Japan;239.600338
2013;Italy;46.349433
2003;Italy;47.244508
1994;Japan;264.5666
2011;Switzerland;0.375645
1991;Switzerland;0.781083
1984;Switzerland;1.132404
1987;Sweden;10.368399
1996;Sweden;8.378568
2003;Sweden;8.930768
1989;Sweden;8.954225
1983;Sweden;7.3896
2005;Kazakhstan;106.331204
1994;Kazakhstan;136.055448
1998;Kazakhstan;83.88843
1985;Ireland;3.334212
2010;Iran;2.823991
1988;Iran;2.909504
1991;Iran;2.992011
1989;Iran;2.099946
2001;Iran;3.44581
2011;Iran;2.424
2012;Jamaica;0.190596
1992;Jamaica;0.057665
1995;Jamaica;0.091833
2003;Japan;356.162784
1996;Kenya;0.276876
1988;Kenya;0.277545
2012;Kenya;0.736696
1997;Kenya;0.276996
2014;Kenya;0.736696
2009;Kenya;0.276
2008;Sri Lanka;0.184448
2001;Spain;79.589168
2006;Spain;75.326342
2004;Spain;85.456878
2007;Spain;78.285636
1999;Spain;82.402944
1998;Spain;75.573048
2003;Spain;80.81082
1997;Thailand;41.994301
1992;Thailand;26.340951
2011;Tanzania;0.184678
1990;Thailand;20.86776
2012;Tanzania;0.18417
1985;Turkey;61.929525
2009;United Arab Emirates;1.565394
1987;United Kingdom;240.949956
2001;Ukraine;132.352551
1998;Ukraine;136.154598
2003;Ukraine;147.57897
1988;U.S. Territories;-
1997;U.S. Territories;-
2003;U.S. Territories;-
2009;U.S. Territories;-
1986;Zimbabwe;7.682231
1987;Zimbabwe;6.107376
1984;Zimbabwe;5.50236
1998;Zambia;0.366712
1993;Zambia;0.734856
2000;Zambia;0.276018
2004;Zambia;0.183858
2005;Zambia;0.276444
1992;Zambia;0.73528
2000;Virgin Islands,  U.S.;0.644182
1990;Virgin Islands,  U.S.;0.183982
1995;Virgin Islands,  U.S.;0.645078
1998;Virgin Islands,  U.S.;0.644483
2002;Vietnam;18.637542
1980;Vietnam;8.299908
2011;Vietnam;56.58134
1985;Vietnam;10.2459
1982;Vietnam;10.2391
1991;Vietnam;9.12132
1987;New Caledonia;0.362212
2011;New Caledonia;1.288798
1983;New Caledonia;0.18439
1989;New Caledonia;0.46146
2004;Netherlands;44.081653
2008;Zimbabwe;2.449278
2013;Zimbabwe;4.166726
1993;Northern Mariana Islands;-
1984;Northern Mariana Islands;-
1980;Northern Mariana Islands;-
2010;Northern Mariana Islands;-
1994;Northern Mariana Islands;-
1997;Northern Mariana Islands;-
2009;Northern Mariana Islands;-
2014;Nigeria;0.276255
1989;Nigeria;0.095743
2008;United Kingdom;122.581625
2014;United States;1719.024976
2011;United States;1875.786018
1991;United States;1807.297712
1981;United States;1484.757272
1995;United States;1913.135737
1996;United States;1995.463026
2009;United States;1875.587441
2014;Hungary;12.222522
2002;Chile;6.8922
2000;Chile;8.7419
2007;Hungary;12.415605
2002;Hungary;14.524539
2012;Hungary;12.849318
1986;Hungary;26.032304
2011;Iceland;0.289755
1995;Iceland;0.193166
1994;Iceland;0.196524
2003;Iceland;0.199704
2013;Iceland;0.290895
2014;Iceland;0.19393
2011;Swaziland;0.276159
1993;Swaziland;0.096172
1992;Swaziland;0.191916
2001;Swaziland;0.460125
2007;Swaziland;0.368708
2009;Swaziland;0.276393
2011;Burma (Myanmar);1.383315
1991;Burma (Myanmar);0.290079
1982;China;1260.394176
2010;China;6377.340295
1980;Canada;60.74985
1983;Canada;71.41904
1997;Chile;11.636982
1984;Chile;3.616002
2004;Chile;8.738195
2001;Chile;6.79135
2007;Burma (Myanmar);1.476368
1999;Burma (Myanmar);0.37246
2005;Honduras;0.3683
2012;Canada;69.641958
1988;Canada;88.727086
1991;Canada;82.352515
1994;Canada;84.231408
2013;Canada;70.381846
2007;Greece;29.552142
2006;Greece;28.7604
1987;Hong Kong;15.827784
2010;Honduras;0.180128
2008;Honduras;0.179918
1999;Honduras;0.158615
2013;Honduras;0.17823
1991;China;1777.661991
2004;China;3878.370903
1998;China;2217.835984
1999;China;2304.790325
2001;China;2604.55455
2010;Sri Lanka;0.184506
2006;Sri Lanka;0.184598
2013;Sri Lanka;1.659834
2007;Sri Lanka;0.184758
2005;Sri Lanka;0.184562
1988;Swaziland;0.38524
2000;Spain;87.027623
1990;Korea, North;67.537288
2002;Korea, North;42.045828
2014;Korea, North;46.343968
1997;Korea, North;40.04805
1986;Finland;11.572184
2012;Estonia;0.087809
2007;Estonia;0.261957
2013;Egypt;0.656312
1991;Egypt;2.770377
1996;Iran;3.27114
1997;Switzerland;0.193749
1999;Switzerland;0.188712
1998;Switzerland;0.202842
2001;Switzerland;0.331792
2005;Switzerland;0.299795
1996;Switzerland;0.29016
1987;Taiwan;30.989868
2013;Tajikistan;0.738744
2005;Tajikistan;0.18468
1988;Thailand;12.184832
2014;Thailand;57.337056
1998;Thailand;36.231208
2003;Thailand;39.930906
2012;Thailand;57.430744
1986;Thailand;9.136512
1983;Thailand;3.44232
2004;United Arab Emirates;0.368176
2010;United Arab Emirates;2.026332
2011;United Arab Emirates;3.591627
2005;United Arab Emirates;0.46025
2002;Ukraine;132.114576
1994;Ukraine;197.235456
1993;Ukraine;238.938162
1992;Ukraine;264.692316
2010;Ukraine;137.16651
1992;Turkmenistan;1.565598
2005;Thailand;47.576255
2004;Thailand;45.172854
2006;Turkey;125.198528
1998;Turkey;117.167066
1999;Turkey;113.830366
2007;Turkey;147.20784
1984;Turkey;47.045904
1993;Turkey;82.56735
1996;Algeria;0.776496
2008;Algeria;1.255137
2000;Albania;0.191944
1985;Belgium;37.81404
2001;Belarus;0.60221
1995;Russia;436.305016
1996;Peru;0.787912
1999;Peru;1.449315
2003;Peru;2.292336
2007;Peru;2.799225
2010;Peru;2.888177
2005;Peru;2.624022
2009;Peru;2.697754
2002;Peru;2.38415
2005;Korea, South;179.743044
1999;Korea, South;124.650594
1981;Korea, South;65.566573
1985;Korea, South;90.129722
1984;Korea, South;83.247312
1990;Korea, South;94.926006
2013;Korea, South;266.6579
1980;Korea, South;59.1556
1987;Puerto Rico;0.738624
2014;Puerto Rico;4.235726
2000;New Caledonia;0.552414
2007;New Caledonia;0.55275
2000;Portugal;12.632473
1982;Portugal;1.087008
1980;Portugal;1.231932
1988;Portugal;6.646032
2009;Portugal;8.957387
1984;Portugal;1.12326
2001;Poland;205.824568
2004;Poland;205.88625
1995;Philippines;6.155688
1988;Philippines;5.044248
1983;Philippines;2.11365
2009;Poland;188.392125
2012;Poland;200.239798
1995;Poland;245.006652
1996;Poland;248.432598
1998;Poland;221.779767
1981;Poland;261.338855
1997;Poland;238.64001
2012;Philippines;31.715495
1990;Philippines;4.414334
1982;New Zealand;3.654066
1983;New Zealand;4.026047
1988;New Zealand;4.186215
2011;New Zealand;5.058185
1990;New Zealand;3.968685
2002;New Zealand;4.688124
2014;New Zealand;5.241492
2009;New Zealand;5.702574
2000;New Zealand;3.782004
1994;Russia;442.860075
2005;Russia;385.890372
1999;Russia;391.877226
2006;Russia;395.74801
2000;Russia;412.764
2002;Algeria;2.003148
1989;Algeria;3.230675
2011;Albania;0.48269
1995;Albania;0.19232
2000;Algeria;0.81786
2014;Chile;25.842446
2010;Chile;15.98886
1987;Chile;3.513746
1992;Chile;5.051035
1988;Chile;4.834336
2010;Slovakia;14.137764
2009;Slovakia;15.174082
2011;Slovakia;14.40655
2012;Slovakia;13.90284
2013;Senegal;0.828531
2009;Senegal;0.644483
2013;Serbia;43.627584
1985;Korea, North;55.074492
1980;Korea, North;59.449545
2011;Korea, North;38.250135
2012;Korea, North;38.971064
1992;Korea, North;59.968826
1995;Korea, North;47.228252
1994;Korea, North;51.386972
2013;Korea, North;39.545576
2000;Korea, North;42.81174
2008;Kenya;0.367992
2007;New Zealand;5.794992
2001;New Zealand;4.61365
1997;Niger;0.184122
2010;Niger;0.276231
1998;Niger;0.184122
2006;Niger;0.184332
2014;Niger;0.276207
1989;Niger;0.184624
1995;Niger;0.18402
2001;Northern Mariana Islands;-
2014;Serbia;33.402369
2011;Norway;1.700799
2012;Norway;1.797048
2008;Kyrgyzstan;2.79303
2006;Chile;10.859068
1993;Chile;5.051585
1995;Chile;6.47934
2011;Montenegro;1.786815
2006;Montenegro;1.306514
2009;Montenegro;0.820855
2008;Montenegro;1.46027
2010;Montenegro;1.8357
1993;Mongolia;8.309048
1992;Mongolia;9.140795
2001;Latvia;0.201075
1997;Latvia;0.41206
2002;Laos;0.2772
2001;Burma (Myanmar);1.292298
2006;Burma (Myanmar);1.477696
1986;Burma (Myanmar);0.57165
1992;Burma (Myanmar);0.19267
1993;Bulgaria;30.810456
2007;Bulgaria;30.786745
2003;Bulgaria;28.953568
1980;Bulgaria;33.20768
1981;Bulgaria;32.82162
1995;Bulgaria;31.54767
2011;Mauritius;1.533936
1988;Malaysia;0.851895
1989;Mauritius;0.18501
1991;Mauritius;0.18384
2011;Dominican Republic;1.647594
1994;Dominican Republic;0.092045
1997;Dominican Republic;0.184074
2002;Dominican Republic;0.460545
2009;Dominican Republic;1.554956
2006;Denmark;17.424059
1992;Denmark;23.391108
1995;Denmark;25.268512
2009;Greece;28.988074
1986;Greece;17.41008
1993;Germany;364.133234
1992;Germany;392.111291
2011;Germany;281.191365
2012;Germany;294.991744
1994;Denmark;23.188778
1994;Georgia;0.552762
2002;France;43.742712
1996;France;55.003401
1999;France;52.453096
2013;Denmark;10.2573
1982;Pakistan;4.061772
2002;Pakistan;8.646214
2012;Panama;0.789642
1993;Norway;1.888486
1992;Norway;1.741905
2004;Norway;2.082654
1995;Norway;2.376792
2003;Norway;1.7739
2011;Bosnia and Herzegovina;13.377845
2014;Bosnia and Herzegovina;12.604411
2013;Bosnia and Herzegovina;11.776384
2009;Bosnia and Herzegovina;11.14248
2000;Canada;101.447269
2003;Canada;100.586632
2008;Canada;95.303088
2012;Chile;20.876282
1994;Egypt;4.02132
2002;Egypt;3.6477
1981;New Caledonia;0.184376
1982;New Caledonia;0.184926
2014;New Caledonia;1.380855
2005;Netherlands;24.913296
2008;Netherlands;24.207434
2014;Guatemala;2.387892
2001;France;43.951734
2013;Greece;24.353532
1993;France;50.84355
1996;Greece;26.8433
1986;Germany, East;383.474984
1984;Germany, East;365.941112
1982;Germany, East;335.811854
1986;Germany, West;241.233982
1989;Germany, West;224.5968
1994;Germany;340.602984
2005;Germany;289.275574
2003;Germany;299.11954
1989;Chile;6.571476
1982;Chile;2.309275
2005;New Zealand;7.819915
2004;New Zealand;6.99086
1987;Nigeria;0.281166
1981;Nigeria;0.278871
1992;Nigeria;0.09384
2011;Niger;0.276207
2013;Niger;0.276207
2007;Niger;0.184374
1999;Niger;0.184352
2008;Niger;0.18426
1993;New Caledonia;0.368228
1992;New Caledonia;0.368228
1998;New Caledonia;0.276714
2004;New Caledonia;0.644672
1993;Taiwan;49.221416
1985;Northern Mariana Islands;-
2011;Northern Mariana Islands;-
2012;Northern Mariana Islands;-
1995;Northern Mariana Islands;-
2011;Pakistan;12.1582
1999;Pakistan;7.36064
1988;Pakistan;6.4253
1985;Niger;0.184822
2012;Niger;0.276207
2007;Norway;1.5968
2014;Switzerland;0.34755
1981;Taiwan;11.551428
1991;Taiwan;39.150349
1996;Turkey;99.542478
1989;Taiwan;36.623412
2002;Hong Kong;17.687616
2009;Hong Kong;25.049568
1995;Hong Kong;19.25196
2003;Honduras;0.368556
2006;Honduras;0.089213
2008;Hong Kong;23.02325
1984;Haiti;0.184218
1985;Haiti;0.184508
1982;Haiti;0.092271
2014;Hawaiian Trade Zone;-
1980;Germany, East;325.57995
2011;Guatemala;1.010394
2012;Guatemala;1.193946
1997;Germany;308.235879
2000;Germany;286.779684
2006;Germany;290.513374
2007;Germany;299.826604
2008;Georgia;0.184218
2004;Germany;300.2158
2013;Georgia;0.73744
1983;Germany, East;342.473147
2002;Estonia;0.090344
2014;Estonia;0.175618
1999;Estonia;0.207184
2012;Denmark;8.223525
1995;Estonia;0.29097
2014;Denmark;8.1351
1997;Egypt;3.453282
2000;Egypt;3.773932
1993;Egypt;3.46541
1981;Hong Kong;0.05893
2013;Hungary;12.640386
2011;Hungary;12.921125
1999;Hungary;16.870392
2006;Hungary;12.339882
1988;Hungary;24.186134
1986;Iceland;0.198758
1993;Iceland;0.096453
1992;Iceland;0.097016
1989;Iceland;0.195684
1986;Hong Kong;13.045692
2002;Guatemala;0.736688
2001;Guatemala;0.829602
2004;Guatemala;0.719487
2008;Guatemala;0.551136
1999;Guatemala;0.458335
2005;Guatemala;0.826551
2000;Greece;29.416755
2001;Greece;30.68834
2008;Greece;29.2455
2014;Kazakhstan;144.469653
1995;Kazakhstan;111.929938
1996;Kazakhstan;100.12896
2000;Iran;3.677895
1990;Iran;2.092264
1980;New Caledonia;0.276762
2007;Montenegro;1.028943
2002;Mongolia;8.294184
2006;Mongolia;8.232528
2004;Mongolia;7.90439
1988;Morocco;3.732027
2011;Morocco;9.845174
1995;Morocco;5.955453
1993;Morocco;3.79984
1983;Malta;0.092029
2011;Madagascar;0.279474
2007;Macedonia;4.779112
2008;Macedonia;5.355663
2009;Malaysia;33.337666
1981;Malaysia;0.292086
1984;Malaysia;0.842319
1980;Malaysia;0.201414
2004;Malawi;0.184244
1982;Malawi;0.185056
2008;Nepal;0.46073
2002;Malaysia;11.603718
2013;Malaysia;48.072546
2007;Malaysia;28.180152
1993;Malaysia;4.396286
1995;Malaysia;5.402932
1996;Malaysia;5.381762
2000;Malaysia;7.919998
1997;Malaysia;5.204304
1998;Malaysia;5.52558
2000;United States;2155.53196
1990;United States;1821.435
2012;United Kingdom;134.058288
2006;United Kingdom;141.915821
2004;United Kingdom;127.257132
1997;United Kingdom;132.404088
1998;United Kingdom;132.562904
1985;United Kingdom;218.112125
1982;United Kingdom;230.133696
1991;United Kingdom;221.631746
1993;United Kingdom;181.70994
1989;United Kingdom;223.2737
2002;Zimbabwe;1.723319
2003;Zimbabwe;2.354976
2006;Zimbabwe;2.534196
1988;Zimbabwe;6.180549
2014;Zimbabwe;4.438469
1992;Zimbabwe;2.569112
1989;Zimbabwe;4.61845
1996;Zimbabwe;2.48535
1999;New Zealand;3.967825
1988;Nigeria;0.095488
1986;Nigeria;0.28173
1988;Niger;0.184436
1990;Niger;0.184104
1992;Niger;0.184276
2002;Niger;0.184052
2003;Niger;0.184194
2009;Niger;0.184102
1994;New Caledonia;0.368808
1997;New Caledonia;0.275844
1996;New Caledonia;0.368308
2009;New Caledonia;0.552786
1980;New Zealand;3.658824
1993;New Zealand;4.245064
1981;New Zealand;3.663231
2012;New Zealand;6.253008
1997;New Zealand;4.24718
1984;New Zealand;3.9312
2012;Pakistan;11.095658
2003;Pakistan;10.774179
2004;Pakistan;14.108436
2007;Pakistan;15.19908
1990;Pakistan;7.508166
1993;Pakistan;8.153735
1998;Pakistan;7.687092
1993;Panama;0.109636
1985;Puerto Rico;0.276465
2012;Puerto Rico;3.591159
2006;Portugal;10.461644
1983;Portugal;1.215344
2011;Portugal;7.183323
1991;Portugal;9.268467
1992;Portugal;9.384102
1993;Poland;254.803346
2006;Poland;207.42806
2007;Poland;203.21321
2014;Pakistan;12.180196
2003;Northern Mariana Islands;-
2004;Northern Mariana Islands;-
1999;Northern Mariana Islands;-
1981;Pakistan;3.317508
2006;Norway;1.506735
2005;Norway;1.775034
2001;Norway;2.087148
1996;Norway;2.298574
1999;Norway;2.379072
2000;Puerto Rico;0.368352
2003;Puerto Rico;3.22329
1999;Romania;19.607698
1983;Romania;35.470125
1995;Romania;31.439529
1986;Romania;38.026386
2012;Romania;26.89344
1984;Romania;35.039
2003;Philippines;15.979318
1984;Philippines;3.472668
1992;Philippines;5.047056
1996;Philippines;8.296491
2000;Panama;0.091935
1986;Peru;0.410368
1983;Peru;0.298917
2001;Peru;1.555808
1998;Peru;1.267669
2004;Peru;2.570508
1998;Romania;21.909456
2006;Romania;29.063457
2004;Romania;25.280642
2002;Romania;24.246002
2013;Romania;20.40192
2007;Romania;26.68924
2001;Russia;409.296157
2014;Senegal;1.012649
2012;Senegal;0.828531
2005;Senegal;0.368824
2008;Senegal;0.552456
2007;Senegal;0.552456
2004;Russia;389.58077
2011;Serbia;45.491004
2010;Serbia;40.707957
2003;Turkey;95.74901
2008;United Arab Emirates;1.013177
2014;United Kingdom;102.477249
2003;United Kingdom;132.565397
2007;United Kingdom;132.434994
1994;United Kingdom;171.192404
1980;United Kingdom;257.741547
2010;United Kingdom;107.36256
1999;United Kingdom;117.08347
1981;United Kingdom;245.84901
2010;United States;1986.167722
2012;United States;1659.807536
1982;United States;1432.591678
1983;United States;1487.773764
1992;United States;1821.886794
2003;United States;2135.650959
2006;United States;2146.875974
2007;United States;2172.142767
2001;United States;2087.96592
1994;Uzbekistan;6.317586
1997;Uzbekistan;3.376485
1996;Uzbekistan;3.959206
2003;Uzbekistan;3.38191
1984;Venezuela;0.105926
1986;Venezuela;0.107382
1993;Venezuela;0.09199
1991;Norway;1.720043
1984;Norway;2.660958
1985;Norway;2.676807
1989;Norway;1.93933
2013;Pakistan;11.596214
2005;Pakistan;13.772815
2000;Pakistan;7.175454
1990;Nigeria;0.094512
2013;Norway;1.896884
1992;Panama;0.078715
1989;Pakistan;6.239
1994;Norway;2.100441
1982;Nigeria;0.1875
2004;Niger;0.184168
1988;Romania;47.038235
1996;Romania;31.835664
1991;Romania;26.704485
2000;Romania;22.614936
2009;Russia;367.417182
2014;Romania;20.19584
1982;Romania;29.70637
1997;Norway;2.286752
1997;Pakistan;7.33
1988;Peru;0.398832
1987;Northern Mariana Islands;-
1992;Northern Mariana Islands;-
2014;Northern Mariana Islands;-
1984;Nigeria;0.187254
1985;Nigeria;0.186238
1983;Nigeria;0.093782
2012;Nigeria;0.092085
2014;Norway;1.99672
1982;Norway;2.42775
1980;Norway;2.3808
1992;Puerto Rico;0.368748
1995;Puerto Rico;0.368412
1996;Puerto Rico;0.368612
2013;Puerto Rico;2.946592
2011;Puerto Rico;3.591159
2010;Puerto Rico;3.591159
2007;Puerto Rico;3.591159
1990;Puerto Rico;0.46006
1993;Puerto Rico;0.3683
1987;Romania;41.191183
1999;Slovakia;18.209466
1998;Slovakia;19.011894
1993;Slovakia;26.696375
1994;Slovakia;23.824818
1996;Slovakia;24.343085
2003;Slovakia;16.8314
1998;World;8072.429457
1999;World;8148.202048
2006;World;11650.5065
1990;World;8524.90415
2010;World;13236.990199
2007;World;12208.640935
2010;Australia;180.141059
2005;New Caledonia;0.644854
1994;New Zealand;3.972125
2003;New Zealand;6.714978
1985;New Zealand;3.848752
1989;New Zealand;3.71336
1995;New Zealand;4.0645
2000;China;2471.966588
2002;China;2808.3465
2014;Egypt;1.066507
2007;China;5305.971
1988;Egypt;3.268008
1996;Egypt;3.773745
2007;Egypt;3.404058
1989;Egypt;3.351978
1999;Egypt;2.991852
2010;Egypt;4.70177
1982;Northern Mariana Islands;-
1983;Northern Mariana Islands;-
1981;Northern Mariana Islands;-
1991;Northern Mariana Islands;-
1990;Northern Mariana Islands;-
2013;Northern Mariana Islands;-
2007;Northern Mariana Islands;-
1988;Northern Mariana Islands;-
2010;Norway;1.700034
1987;Norway;2.448775
1984;Peru;0.386004
2013;Malawi;0.092341
1996;Portugal;10.678465
1981;Portugal;1.126992
1987;Portugal;5.719438
2012;Portugal;9.312555
2008;Norway;1.69184
1983;Norway;2.45705
1981;Norway;2.4576
2000;Philippines;17.166498
1998;Russia;377.892944
1994;Romania;30.82365
1987;Poland;339.64582
1988;Poland;331.82398
1982;Poland;269.62671
1980;Poland;284.09296
2009;Serbia;42.155148
1989;Poland;317.8529
1994;Peru;0.879525
2005;Portugal;10.464948
2006;Pakistan;12.302271
2008;Pakistan;12.787956
2010;Romania;24.793518
2009;Romania;27.092736
2013;Panama;0.902448
1994;Panama;0.10393
1987;Peru;0.403472
1980;Peru;0.209916
1981;Peru;0.303426
1991;New Caledonia;0.368232
2001;New Caledonia;0.644308
2013;New Caledonia;1.288798
1999;New Caledonia;0.276687
1990;New Caledonia;0.36788
2002;New Caledonia;0.64484
2001;Netherlands;50.812872
1986;New Zealand;3.271415
2010;New Zealand;4.873032
2000;Netherlands;43.8996
1989;Puerto Rico;0.738832
1994;Puerto Rico;0.368628
1999;Puerto Rico;0.368352
1988;Puerto Rico;0.830889
2009;Puerto Rico;3.591159
2004;Portugal;10.257858
2002;Portugal;11.336172
1997;Peru;0.789136
2006;Peru;2.139764
2008;Peru;2.596374
1992;New Zealand;4.340638
1998;New Zealand;3.878154
2013;New Zealand;5.425404
1996;New Zealand;3.977973
2008;New Zealand;7.36112
1993;Romania;31.676038
1992;Romania;30.050757
2011;Russia;399.327495
2012;Russia;417.794922
2005;Romania;25.578066
1996;Northern Mariana Islands;-
2000;Northern Mariana Islands;-
2005;Northern Mariana Islands;-
2002;Norway;1.878663
1990;Norway;1.922325
2009;Norway;1.294228
1986;Norway;2.447975
1989;Peru;0.398876
1992;Peru;0.690151
2014;Peru;2.865702
1993;Portugal;9.853416
2014;Poland;193.668574
2005;World;10994.320978
2009;World;12461.209688
1995;World;8039.008525
